code,description,required_qty,cost,retail
913000000199,F /ASS ACES POLO & POLO FASHION FR ,6,30.755,250
913000000301,F /ASS ALAIN MIKLI,8,150.519090909091,150
913000000479,F /ASS ALBERTO MODIANI-M,70,71.685,370
913000000752,F /ASS ALESSANDRO DELL ACQU,2,24.532380952381,320
913000000285,F /ASS ALEXANDER MQUEEN,1,135.475,680
913000000079,F /ASS ALL TIME ITALY FR,2,27.655,290
913000000647,F /ASS ANNASUI F2 ITALY,4,39.13,420
913000000792,F /ASS BAMBINI ITALY FR,1,165,450
913000000509,F /ASS BAMBINO FR D,35,17.4894339622642,250
913000000453,F /ASS BAO JI FR D,3,17.675,250
913000000405,F /ASS BEAUSOLEIL FR,10,57.085,480
913000000795,F /ASS BEENA FR D,11,23.3646153846154,180
913000000192,F /ASS BENITION,66,35.7241025641026,180
913000000767,F /ASS BLU GIRL ITALY F2,10,24.348125,380
913000000766,F /ASS BLU GIRL ITALY FR,9,24.3478260869565,380
913000000799,F /ASS BLUE BAY F2 D,4,50,350
913000000371,F /ASS BLUE BAY FR D,5,15.35,250
913000000763,F /ASS BLUMARINE ITALY FR,26,24.3476016260163,380
913000000353,F /ASS BOSS FR D,3,15.0742857142857,140
913000000346,F /ASS BOTTIGA VENETA ITALY,2,136.144615384615,750
913000000185,F /ASS BOURGEOIS & JACOMO,95,80.7116981132076,180
913000000168,F /ASS BOWLING,41,44,190
913000000072,F /ASS BRENDEL GRP,93,29.92,140
913000000029,F /ASS BRIO + A.D LUMEN,127,27.885843373494,120
913000000074,F /ASS CACHAREL,16,120.545454545455,280
913000000577,F /ASS CARBONIC FR D,1,19.4845454545455,290
913000000239,F /ASS CARMILAR FR D,67,19.7863562753036,250
913000000427,F /ASS CAROLINA HERRERA F2,1,39.97,320
913000000142,F /ASS CARRERA F2 D,3,40.4281428571429,350
913000000141,F /ASS CARRERA FR D,24,19.6017857142857,250
913000000584,F /ASS CARRERA ITALY F2 ,6,129.805,600
913000000812,F /ASS CAT ITALY FR,1,90.784,370
913000000810,F /ASS CAZALINO FR D,2,0,190
913000000814,F /ASS CELLINE F2 D,-52,34,650
913000000513,F /ASS CELLINI / OPTICA FR,192,143.505,450
913000000604,F /ASS CHAMPION FR ITALY,2,19.5633333333333,250
913000000322,F /ASS CHANEL FR D,1,47.846,350
913000000021,F /ASS CHANTTELL,503,48.7037424547284,250
913000000339,F /ASS CHARILE DUKE,184,12.205,320
913000000126,F /ASS CHARMANT FR D,29,13.2090202702703,250
913000000605,F /ASS CHRISTIES METAL FR,67,35.015,500
913000000561,F /ASS COLLEGE ITALY FR MOD,2,59.5225,540
913000000013,F /ASS CONTINENTAL EYEWEAR,2,50,250
913000000716,F /ASS COTTON CLUB ITALY FR,4,26.8247058823529,250
913000000118,F /ASS COUNTRY ITALY F2,1,87.0514285714286,420
913000000821,F /ASS CROSS & CROX OVER AS,1,34,140
913000000379,F /ASS CUCCIOLI CHILD F2,20,37.0468181818182,100
913000000145,F /ASS D&G FR D,12,26.0503333333333,250
913000000064,F /ASS DANIEL HECHTER FR D,40,39.7348648648649,250
913000000355,F /ASS DAY DUKE FR D,40,5.17333333333333,250
913000000082,F /ASS DESIGN & X-DESIGN FR,9,37.73,220
913000000695,F /ASS DESIGNED IN SWEEDEN ,147,21.961775147929,250
913000000090,F /ASS DEZORDI,1,204,725
913000000062,F /ASS DILEM FRANCE,10,508,1270
913000000130,F /ASS DIOR FR D,5,22.9133333333333,250
913000000332,F /ASS DKNY FR D,1,10.8264285714286,290
913000000670,F /ASS DREAM 14,197,47.380269121813,320
913000000772,F /ASS DREAM 15,9,34.595,320
913000000973,F /ASS DREAM 16,28,38.485,350
913000000553,F /ASS DREAM FOLDING READIN,1207,9.38464857341684,80
913000000464,F /ASS DREAM FR,65,42.8336766467066,290
913000000347,F /ASS DUGATI F2,2,71.2847826086957,450
913000000343,F /ASS DUGATI FR,11,65.5477900552486,400
913000000102,F /ASS DYSMA FR,9,50,400
913000000147,F /ASS E.ARMANI FR D,27,11.239367816092,250
913000000750,F /ASS E.UNGARO ITALY FR,1,24.5415909090909,380
913000000653,F /ASS E.ZEGNA ITALY F2,-1,205.401,900
913000000394,F /ASS EAGLE PLASTIC ITALY ,6,27.7995061728395,290
913000000781,F /ASS EAGO MAGNETIC ,340,11.274987654321,250
913000000053,F /ASS ELCE,16,100,350
913000000428,F /ASS ELEGANCE &EXECLUSIVE,6,34.74625,140
913000000282,F /ASS ELIO DI BRITO BRIGHT,1,42,200
913000000050,F /ASS ELITE,16,65.0446666666667,180
913000000165,F /ASS ELMONTINI,327,42,200
913000000678,F /ASS ENNI MARCO ITALY FR,4,254.75,650
913000000163,F /ASS ESCAPE & KAPPA F2,3,42.6666666666667,180
913000000261,F /ASS ESCHENBACH ITALY FR,68,31.302,390
913000000061,F /ASS ESPRIT,19,106.33375,140
913000000156,F /ASS EXESS ITALY FR,46,27.1077215189873,250
913000000127,F /ASS EXPLOP FR D,26,6.80496894409938,250
913000000272,F /ASS EXTE ITALY,4,33.4427272727273,320
913000000542,F /ASS EZ-LITES FR ITALY,1,15.1748717948718,250
913000000601,F /ASS FASHION FRAME ITALY,13,23.4777777777778,600
913000000221,F /ASS FCUK FR D,1,36,140
913000000198,F /ASS FENDI FR D,1,38.16,220
913000000206,F /ASS FERRARI,2,57.705,250
913000000842,F /ASS FILA ITALY F2,3,222.03,500
913000000539,F /ASS FILOU FR ITALY,259,19.9448226950355,250
913000000474,F /ASS FRAME JAPAN FR D,2,10,250
913000000088,F /ASS FREEDOM,1,118.87,180
913000000150,F /ASS G.ARMANI F2 D,6,25.3429268292683,350
913000000659,F /ASS GALAXY FR D,1,19.285,250
913000000327,F /ASS GATTINONI ITALY FR,13,85.675,450
913000000420,F /ASS GATTINONI ITAY F2,5,54.08,400
913000000424,F /ASS GIANNI VENTURI F2,11,106.37,350
913000000425,F /ASS GIANNI VENTURI FR,1,39.97,320
913000000375,F /ASS GIGLI FR,3,134.624444444444,410
913000000107,F /ASS GIO FERRARI,21,38.5318181818182,320
913000000368,F /ASS GIORGIO GANNI FEMINA,3,5.62,250
913000000541,F /ASS GIOTTO FR ITALY,2,15.3748275862069,250
913000000273,F /ASS GUESS F2 D,2,110,350
913000000183,F /ASS GUESS GUISS FR D ,10,47.6317647058824,290
913000000459,F /ASS HI-FLEX AFLEX FR D,23,19.6349881235154,290
913000000017,F /ASS HILTON & BENTLEY,28,50.1541860465116,250
913000000475,F /ASS HONEY FR D,26,15,250
913000000042,F /ASS HUANGSHI & SHILIG,9,35.6,140
913000000023,F /ASS I-CARE ,96,19.3133064516129,250
913000000843,F /ASS ICE FIRE FR D,6,34,140
913000000861,F /ASS IMP FR D,1,34,140
913000000011,F /ASS ITALIAN STYLE,2141,24,140
913000000380,F /ASS ITALIYA TEAM F2,602,11.8249917355372,0
913000000737,F /ASS JACQUE,3,26.7553703703704,250
913000000032,F /ASS JAGUAR,3,71.665,250
913000000004,F /ASS JUNIOR MARINES,4,31,140
913000000478,F /ASS KIDS ALBERTO MODIANI,19,57.345,290
913000000361,F /ASS KISS BADY FR D,105,11.365,190
913000000433,F /ASS L.BRIDGE FERU,2,45.4630039525692,450
913000000024,F /ASS L.BRIDGE FR,405,28.0108464223386,290
913000000770,F /ASS L.BRIDGE MM3 FR FERU,-2,34.325,320
913000000735,F /ASS L.D LARA D ITALY FR,23,26.9228571428571,250
913000000258,F /ASS LACOSTE FR D,3,37.245,290
913000000585,F /ASS LACOSTE ITALY F2,5,93.3355555555556,350
913000000048,F /ASS LANVIN,23,150.383333333333,340
913000000106,F /ASS LARA D,3,90.7,250
913000000212,F /ASS LAURA BIAGIOTTI,8,42.2586597938144,480
913000000321,F /ASS LES TRIPLES,1,47.5,280
913000000128,F /ASS LEVIS FR D,1,16.5255033557047,250
913000000390,F /ASS LIEVISSIMO FR ITALY,186,59.7958429118774,350
913000000089,F /ASS LINK F2,5,141.812580645161,430
913000000103,F /ASS LINK VISTA,339,41.4549875930521,360
913000000477,F /ASS LOTUS & RETRO F2 D,1,95.4,350
913000000426,F /ASS LOTUS SPORT ITALY F2,1,39.97,320
913000000873,F /ASS LOUIS VUITTON F2 D,4,95.64,350
913000000554,F /ASS LUCA ITALY,2,33.2042857142857,450
913000000874,F /ASS LUCKY LUCK YSTAY FRD,6,50,220
913000000129,F /ASS LUMIX FR D,146,6.59497872340426,250
913000000540,F /ASS M32 STYLEAJ FR ITALY,8,20.0767676767677,250
913000000556,F /ASS MADE IN ITALY F2,9,24.8091666666667,450
913000000714,F /ASS MAN ITALY FR,1,20.1882766439909,290
913000000769,F /ASS MANDARINA DUCK ITALY,17,24.3477056277056,380
913000000041,F /ASS MARC JACOBS,1,64.665,250
913000000257,F /ASS MARIO FR D,1,76.753,490
913000000946,F /ASS MARKIOM & WILD FR D,2,34,140
913000000882,F /ASS MARTION F1 F2,8,34,140
913000000409,F /ASS MARWITS CONQUISTADOR,3,57.085,490
913000000407,F /ASS MAX & C.MAX FR,2,41.695,140
913000000732,F /ASS MAXEY ITALY FR,48,26.825,250
913000000039,F /ASS MICKEY & DISNEY,277,43.5511666666667,190
913000000154,F /ASS MIKI MOTO & MIQIA,14,37.8747619047619,140
913000000526,F /ASS MILLION FR D,9,20.5349848942598,290
913000000715,F /ASS MONO ITALY FR,59,26.7373831775701,250
913000000465,F /ASS MURANO ITALY FR,42,59.785,350
913000000757,F /ASS MURANO SWAROVSKI RIMLES ITA,56,147.474935064935,450
913000000569,F /ASS NEOMETAL OPTIK FR IT,218,19.564976744186,290
913000000180,F /ASS NEW STYLE,97,159.0409375,250
913000000889,F /ASS NO NAME N-LABEL,32,33.3,140
913000000472,F /ASS NOBEL FR D,2,15,250
913000000184,F /ASS NUF NUF / NAF NAF,14,27.7776470588235,140
913000000383,F /ASS OGAMI & IMAGO FR,9,93.0323076923077,450
913000000238,F /ASS OLISA / ELISA,1,47.6666666666667,160
913000000044,F /ASS OPERA & AIR FORCE,290,20,120
913000000537,F /ASS OPTI FASHION FR,410,25.494996996997,250
913000000890,F /ASS ORANGE&OSCAR&OULEIKE,6,34,140
913000000523,F /ASS OX3 ITALY FR,1,73.35,350
913000000124,F /ASS OXEMBERG FR D,32,10.0655431754875,250
913000000366,F /ASS OXEMBERY FR D,113,18.3168656716418,250
913000000467,F /ASS OXEMBERY FR D+TEMPLE,1,28,350
913000000333,F /ASS P&D F2 ES,2,18.8,250
913000000018,F /ASS P.MOREL COURREGES,458,64.9264583333333,150
913000000019,F /ASS P.MOREL FOREVER,126,120.847777777778,200
913000000122,F /ASS P.MOREL MODELS PM,307,61.2276147959184,140
913000000504,F /ASS PASOLINI FR D,4,33.334,250
913000000610,F /ASS PAUL VOSHERENT ITALY,2,19.5633333333333,350
913000000153,F /ASS PAULO PHILIP,218,42,220
913000000255,F /ASS PEOPLE METAL FR,67,39.81496,320
913000000575,F /ASS PHASCINO ITALY ,44,19.565,350
913000000437,F /ASS PILOT F1 D,4,23.0980434782609,350
913000000105,F /ASS PLAY BOY F2,1,166.5,450
913000000022,F /ASS PLAY KIDS,863,32.4246812957158,190
913000000136,F /ASS POLICE F2 D,12,35.8647619047619,350
913000000286,F /ASS POLICE FR D,2,25.56,250
913000000530,F /ASS PORSCH DESIGN FR D,2,28.33,220
913000000535,F /ASS PORSCHE F1 F2,8,83.2027272727273,350
913000000123,F /ASS PREMOFLEX,12,11,200
913000000384,F /ASS PRIVACY FR,115,47.8259649122807,250
913000000544,F /ASS QEYES FR ITALY,42,81.9559016393443,250
913000000771,F /ASS QX3 LINE ITALY FR,74,73.9949795918367,350
913000000325,F /ASS R. BALESTRA - OLD,1,288.55,550
913000000138,F /ASS RAY BAN F2 D,15,43.234962962963,350
913000000213,F /ASS RECORD,2,32.395,250
913000000899,F /ASS RENA ISSANCE & RODEA,2,0,140
913000000421,F /ASS RENATO BALESTRA F2,33,85.2949333333333,450
913000000423,F /ASS RENATO BALESTRA FR,177,66.5693688362919,550
913000000230,F /ASS REPLAY ITALY,3,61.145,420
913000000718,F /ASS REVA LAUTION ITALY F,7,26.712,250
913000000164,F /ASS ROBERTO CAPUCCI,2,45,280
913000000499,F /ASS ROBERTO VERINO F,8,52.8684501845018,450
913000000197,F /ASS ROLINO & ROLLING,9,45,140
913000000298,F /ASS ROMEO GIGLI FR,15,173.39,600
913000000654,F /ASS S.FERRAGAMO ITALY F2,1,231.75,1080
913000000110,F /ASS S.L.R,12,65.0646666666667,350
913000000036,F /ASS S.OLIVER & SAWADA F2,3,123.1,180
913000000189,F /ASS SABEL SIMPSON,163,82,220
913000000373,F /ASS SCALINI F2,5,73.7677419354839,450
913000000344,F /ASS SCALINI FR,5,68.2001960784314,400
913000000645,F /ASS SCORPION & SHREK FR,5,34,140
913000000903,F /ASS SEA FORCE F2,1,0,180
913000000773,F /ASS SECG KIDS FR,245,11.3116784869976,250
913000000430,F /ASS SENTOSA FR D,3,24.38,250
913000000080,F /ASS SEVENTY,4,50,350
913000000905,F /ASS SILVER & SISLEY FR D,2,30.833,140
913000000524,F /ASS SMART EYES F2,58,22.515,480
913000000497,F /ASS SMART EYES FR,709,20.7549962149886,290
913000000694,F /ASS SMART EYEWEAR ITALY,163,26.9997354497355,250
913000000906,F /ASS SNOOPY & SOHA FR D,5,34,140
913000000543,F /ASS SPEC SAVERS FR ITALY,5,15.3549122807018,250
913000000538,F /ASS ST DUPONT FR ITALY,35,20.0718181818182,350
913000000084,F /ASS STUDIO & SUNMOOD F2,6,31.7142857142857,140
913000000754,F /ASS STYLE BAN A213 F2,223,62.7845161290323,320
913000000560,F /ASS STYLE OPTIQUE,544,30.91,270
913000000176,F /ASS STYLRITE,31,15.0348148148148,120
913000000097,F /ASS SUNBLADE,13,249.801904761905,600
913000000005,F /ASS SUNRISE,46,22.3314925373134,280
913000000372,F /ASS SUNRISE ITALY,16,34.065,290
913000000109,F /ASS SURVIVOR F2,67,21.4220289855072,250
913000000911,F /ASS SWIMMI & TISSOT FR D,4,65,220
913000000759,F /ASS SWING F2,5,34.5734821428571,500
913000000652,F /ASS SWING FR,2,28.7448201438849,450
913000000382,F /ASS T.606 F2 ITALY NO NA,7,36.63,300
913000000376,F /ASS T.I.TECH,13,204.898571428571,710
913000000451,F /ASS T39 FR D,17,14.955,290
913000000166,F /ASS TANGA,12,50,230
913000000595,F /ASS TAUSCHEK FR ITALY,3,19.5633333333333,640
913000000617,F /ASS THEMA FR ITALY THIMA,15,24.8678571428571,420
913000000306,F /ASS TIFFANY F2 ITALY,7,33.15,450
913000000201,F /ASS TITANIC ITALY FR,100,59.255,250
913000000590,F /ASS TODS ITALY F1,1,136.034864864865,760
913000000589,F /ASS TODS ITALY F2,4,186.510454545455,750
913000000557,F /ASS TOM FORD FR D,-1,0,250
913000000922,F /ASS TOMMY FASHON FR/F2 D,21,27.9449382716049,250
913000000413,F /ASS TOMS ITLY FR,8,32.87,400
913000000623,F /ASS TOP LOOK ITALY FR,88,24.2950617283951,420
913000000918,F /ASS TOP TEN&TRUSSARDI F2,2,34,180
913000000381,F /ASS TORINO&LAMBORGHINI S,60,22.9781578947368,0
913000000237,F /ASS TREND ITALY FR,423,21.255,290
913000000203,F /ASS TRUSSARDI ITALY FR,8,41.4602962962963,480
913000000562,F /ASS TURBO FLEX ITALY FR,21,153.844166666667,490
913000000225,F /ASS TUXEDOS,10,75,180
913000000093,F /ASS TWINS MATRIX F2 D,4,58.6342857142857,350
913000000348,F /ASS TYPHOON F2,3,31.545,350
913000000349,F /ASS TYPHOON FR,23,25.6748979591837,320
913000000491,F /ASS V&L JUNIOR VICTORIO ,57,121.493745928339,330
913000000341,F /ASS VALENTINO RUDY FR D,1,12.2142857142857,250
913000000403,F /ASS VANNI FR,3,48.7233333333333,250
913000000035,F /ASS VERSUS F2 D,1,252.154,350
913000000594,F /ASS VICKY FR ITALY,16,19.563125,350
913000000115,F /ASS VIEERI F2 D,1,51,350
913000000113,F /ASS VIEERI FR D,15,12.7308108108108,250
913000000063,F /ASS VIP SMILE,60,15,94
913000000195,F /ASS VISAGE,6,57.635,250
913000000300,F /ASS VIVIA & WEST WOOD ,1,137,180
913000000436,F /ASS VIVIAN FR D,18,20.0347368421053,250
913000000342,F /ASS VOGUE FR D,2,29.7864615384615,290
913000000329,F /ASS WEST ITALY F2,730,65.2589081885856,465
913000000328,F /ASS WEST ITALY FR,1279,71.7611306413302,380
913000000713,F /ASS WOMAN ITALY FR,68,19.2684988452656,290
913000000502,F /ASS X-MEN & X-MAN FR D,29,33.67,220
913000000256,F /ASS XSPICE FR D,2,16.955,290
913000000119,F /ASS XXX F2,14,72.785,500
913000000921,F /ASS YOGA & VEGA FR D,2,39.835,140
913000000330,F /ASS YSL FR D,26,5.7448717948718,300
913000000303,F /ASS ZERORH F2,2,93.0433333333333,350
913000000304,F /ASS ZERORH FR,3,35.965,250
913000000178,F /ASS ZIM SPEC,3,53,250
911000084001,F /F1 BALDININI 1251,1,0,1080
911000051001,F /F1 BLUE BAY ST,2,108,250
911000061030,F /F1 BURBERRYS-2113,1,331.514545454545,800
911000025050,F /F1 BVLGARI 3019,1,674.56,1400
911000071041,F /F1 COACH 6042,1,346.228571428571,980
911000050018,F /F1 D&G-1169,1,212.733333333333,550
911000041005,F /F1 DKNY 6243,2,240,490
911000005061,F /F1 DOLCE GABBANA 1127,1,283.466666666667,600
911000050041,F /F1 DOLCE GABBANA 1169 ,1,480.15,1000
911000005092,F /F1 DOLCE GABBANA 5004,4,364.964285714286,400
911000031037,F /F1 DUPONT D115-6052-50,2,675,1350
911000028016,F /F1 EXALTO AT-7001,3,458.153333333333,680
911000028090,F /F1 EXALTO ATOM 2906,1,534.7,800
911000028106,F /F1 EXALTO ATOM 2932,3,504.53,750
911000028102,F /F1 EXALTO CO.COMPOSIT,6,593.74,900
911000028110,F /F1 EXALTO DL DELTA,7,395.094285714286,590
911000028086,F /F1 EXALTO IT2801,5,424.854285714286,640
911000028101,F /F1 EXALTO METIS,11,412.98,620
911000028111,F /F1 EXALTO ON/ONDE,5,476.075,710
911000028112,F /F1 EXALTO SA/SABA,10,413.58,620
911000028113,F /F1 EXALTO SI/SISMIK,6,449.94,670
911000028037,F /F1 EXALTO SO2005,1,512.7,770
911000030005,F /F1 FIDELA AIRLIGHT,33,183.744814814815,480
911000030002,F /F1 FIDELA HORIZON,22,119.7265,250
911000029118,F /F1 FRED HAUBAN F1 002,-1,1550,4100
911000029002,F /F1 FRED VINCENT 004,-1,1060.4,3120
911000029107,F /F1 FRED VINCENT F4 002,1,1415,3115
911000011042,F /F1 G.ARMANI 454,3,123.25,870
911000011004,F /F1 G.ARMANI 583,1,149.93,800
911000011046,F /F1 G.ARMANI 800,1,136.94,850
911000011047,F /F1 G.ARMANI 865,1,123.25,850
911000011049,F /F1 G.ARMANI 875,1,126.674444444444,850
911000011052,F /F1 G.ARMANI 896,5,129.735,850
911000011025,F /F1 GIORGIO ARMANI 7001,1,431.4,1450
911000034044,F /F1 GUCCI 2205,1,143.345,700
911000009709,F /F1 GUESS 1841,-1,67.1033333333333,600
911000009502,F /F1 JUST CAVALLI JC0281,1,85,520
911000009503,F /F1 JUST CAVALLI JC0291,2,85,550
911000065501,F /F1 KILLER VISTA 7063,1,77,390
911000086017,F /F1 LACOSTE 2119,-1,76.5,780
911000086018,F /F1 LACOSTE 2174,1,78.625,750
911000072004,F /F1 LENEA ROMA ALICE,1,165.505,690
911000072003,F /F1 LENEA ROMA MANDY,2,132.415,630
911000064402,F /F1 LOOK 4316,1,276.74,540
911000064051,F /F1 LOOKKINO 3700,5,161.73,540
911000037031,F /F1 MARIO LARINI 98,2,92.1875,320
911000095009,F /F1 MICHAEL KORS 357,1,141.665,880
911000069009,F /F1 MINIMA 863,1,550,1420
911000069001,F /F1 MINIMA ASSORTED,9,433,1400
911000069007,F /F1 MINIMA F816,1,499.5,1000
911000069021,F /F1 MINIMA F843,1,556,1000
911000069005,F /F1 MINIMA F854,1,598.2,1200
911000069011,F /F1 MINIMA F868,1,602,1550
911000006005,F /F1 MODO FR,1,42.665,180
911000031020,F /F1 OXIBIS AXYS,7,277.863292682927,415
911000031032,F /F1 OXIBIS AZIMUT,3,117.11,260
911000031048,F /F1 OXIBIS KUBIK,2,255.9775,380
911000031049,F /F1 OXIBIS MISSTIK,5,315.564,500
911000050143,F /F1 POLO 1104JP,1,466,1180
911000050157,F /F1 POLO 2136,2,326.513333333333,850
911000050159,F /F1 POLO 2140,1,300.975,830
911000050174,F /F1 POLO 2297&2301,2,50,250
911000018041,F /F1 PRADA 02CV LINEA ROS,-1,418.0075,940
911000050560,F /F1 RALPH LAUREN 5075,1,309.5,1050
911000050540,F /F1 RALPH LAUREN 6106,1,263.463333333333,970
911000050545,F /F1 RALPH LAUREN 6112,3,348.364,1100
911000050504,F /F1 RALPH LUREN 7036 F2,-1,338.8,1060
911000059292,F /F1 RAY BAN 1536,-1,145.964285714286,500
911000059295,F /F1 RAY BAN 1540,3,112.83,600
911000027005,F /F1 S.FERREGAMO-1589,2,300,600
911000040059,F /F1 SILHOUETTE 1552,1,270,710
911000040060,F /F1 SILHOUETTE 2825,1,227.145,710
911000040077,F /F1 SILHOUETTE 5230,1,354.283333333333,710
911000040086,F /F1 SILHOUETTE 5315,1,233.335,710
911000040103,F /F1 SILHOUETTE 7723,1,387.5,710
911000009252,F /F1 TAG HEUER TAG0502,1,181.533333333333,1350
911000009257,F /F1 TAG HEUER TAG0803,2,191.25,1380
911000039801,F /F1 TOM FORD FT5092,1,118.305,650
911000012114,F /F1 VOGUE 3813B,1,377.095,800
911000012182,F /F1 VOGUE 3926,1,34.6533333333333,550
911000012021,F /F1 VOGUE-2535,1,395.93,760
911000012097,F /F1 VOGUE-2752,1,260.356428571429,720
911000012032,F /F1 VOGUE-3671,1,345.43,960
911000012086,F /F1 VOGUE-3797,1,278.674666666667,720
911000012088,F /F1 VOGUE-3813B,-1,310.25,800
912000081004,F /F2 ADIDAS 141,1,57.08,400
912000067061,F /F2 ARNETTE 3065,1,263.5,750
912000067050,F /F2 ARNETTE 4176,4,274.813333333333,850
912000067076,F /F2 ARNETTE 4187,1,238,670
912000025011,F /F2 BVLGARI-521,3,240,500
912000025001,F /F2 BVLGARI-526,2,746.43,600
912000025003,F /F2 BVLGARI-607,1,529,500
912000025010,F /F2 BVLGARI-628,3,600,500
912000025006,F /F2 BVLGARI-638,2,592.4,500
912000025005,F /F2 BVLGARI-639,1,482,500
912000025020,F /F2 BVLGARI-831,1,220,400
912000025002,F /F2 BVLGARI-832,3,242.856,500
912000013013,F /F2 BYBLOS-255,1,225,450
912000013011,F /F2 BYBLOS-748,1,230,460
912000013015,F /F2 BYBLOS-753,1,222,580
912000013009,F /F2 BYBLOS-810,1,260,520
912000024030,F /F2 C . K 370,1,275,550
912000024031,F /F2 C . K 415,1,323,640
912000024017,F /F2 C . K-1014,1,250,700
912000024013,F /F2 C . K-197,2,250,700
912000024023,F /F2 C . K-2035,2,195,390
912000024002,F /F2 C . K-2037,1,250,500
912000024006,F /F2 C . K-294,1,420,840
912000003033,F /F2 C.DIOR 3YG,1,57.08,1350
912000003023,F /F2 C.DIOR ADIORABLE3,3,619,1672
912000003029,F /F2 C.DIOR BANDAGE,1,350,930
912000003008,F /F2 C.DIOR HOMME,1,625,1250
912000024033,F /F2 CALVIN KLEIN ITALYF2,7,119.565,680
912000020038,F /F2 CARRERA 5172,1,100,200
912000020039,F /F2 CARRERA 5524,1,100,200
912000020012,F /F2 CARRERA BACK 80S-1,1,275,880
912000020035,F /F2 CARRERA CRYSTAL RIML,23,250,350
912000020052,F /F2 CARRERA ETERNITY,1,155,400
912000020065,F /F2 CARRERA F2,-2,50,350
912000020048,F /F2 CARRERA KITE DRAGON,1,108,490
912000020041,F /F2 CARRERA KOBRA,1,259,775
912000020061,F /F2 CARRERA PDENR,-1,299.07,600
912000005001,F /F2 D&G-6011,1,573,1000
912000005016,F /F2 D&G-8009,1,158.215,450
912000052002,F /F2 D.KARAN 9705,1,425,850
912000042008,F /F2 DANIEL HECHTER 825,5,122,490
912000042009,F /F2 DANIEL HECHTER 826,3,122,490
912000032008,F /F2 DIESEL COVER,1,195,380
912000032011,F /F2 DIESEL PANORAMA,1,171.335,250
912000041030,F /F2 DKNY 5057,1,345,760
912000041037,F /F2 DKNY 5065,1,317,760
912000005008,F /F2 DOLCE GABBANA 6024B,1,219,400
912000010033,F /F2 E.ARMANI 2001,1,440.055,1100
912000010039,F /F2 E.ARMANI 4001,4,380.044285714286,1050
912000016006,F /F2 E.UNGARO ITALY F2,1,42.155,490
912000016003,F /F2 E.UNGARO-3051,3,260,520
912000016004,F /F2 E.UNGARO-4046,1,253,650
912000062004,F /F2 FENDI 485,-1,235,560
912000030001,F /F2 FIDELA TALGO,2,138,250
912000030002,F /F2 FIDELA XANADU & FR,3,96.224,300
912000029025,F /F2 FRED SICILE 8217 C3 ,1,1365,2950
912000011010,F /F2 G.ARMANI 134/S,-2,200,450
912000011011,F /F2 G.ARMANI 663,1,125,250
912000011027,F /F2 G.ARMANI 769/GVS,1,865.8,1920
912000011026,F /F2 G.ARMANI ITALY,5,193.615337078652,960
912000014007,F /F2 GENNY-752,2,240,480
912000034014,F /F2 GUCCI 2452,1,140,420
912000034022,F /F2 GUCCI GG 2545,1,444,450
912000034017,F /F2 GUCCI GG-2551,1,449,500
912000046001,F /F2 HUGO BOSS 11812,1,175,350
912000065001,F /F2 KILLER LOOP 3172,1,153.153333333333,270
912000006001,F /F2 MODO 771,1,208,450
912000043002,F /F2 MORMAII GAROPABA,2,142.9,450
912000068044,F /F2 OAKLEY 9009,3,606.28,1200
912000068040,F /F2 OAKLEY 9013,2,320.41625,700
912000068013,F /F2 OAKLEY 9095,1,508.255,900
912000068052,F /F2 OAKLEY 9097,1,639.195,1300
912000068047,F /F2 OAKLEY 9099,1,679.32,1400
912000068038,F /F2 OAKLEY 9127,-1,482.95,1150
912000069076,F /F2 OAKLEY 9127,1,519.34,1050
912000068060,F /F2 OAKLEY 9136,-1,562,1240
912000068083,F /F2 OAKLEY 9189,1,458.34,950
912000068077,F /F2 OAKLEY 9203,3,381.123333333333,800
912000068005,F /F2 OAKLEY FLAK 9009,-1,494.236363636364,1000
912000004005,F /F2 POLAR MP3-512,1,315,500
912000050052,F /F2 POLO 4071,1,341.995,1020
912000050001,F /F2 POLO BLUE CHIP,1,229,685
912000050007,F /F2 POLO JEANS DISCOVERI,1,399,1200
912000018072,F /F2 PRADA 29L,1,703,1760
912000018091,F /F2 PRADA 50OS,2,779.45,2050
912000018045,F /F2 PRADA 51MS,1,652.47,1580
912000018071,F /F2 PRADA 54NA,-1,483,1250
912000018043,F /F2 PRADA 54NS,1,660,1480
912000018096,F /F2 PRADA SPS05O,2,684.4,1700
912000018014,F /F2 PRADA-04IS,-1,534.95,1390
912000018020,F /F2 PRADA-50GS,-1,250,550
912000018031,F /F2 PRADA-54F,-1,575,1150
912000018001,F /F2 PRADA-60G,1,620,1150
912000050522,F /F2 RALPH LAUREN 3075,1,0,2100
912000059112,F /F2 RAY BAN 2132-JED,1,409.460833333333,600
912000059114,F /F2 RAY BAN 2143,1,465,650
912000059059,F /F2 RAY BAN 3422,-1,547.81,1125
912000059292,F /F2 RAY BAN 3447 OLD,-1,690,950
912000059130,F /F2 RAY BAN 3454,1,197.205,600
912000059131,F /F2 RAY BAN 3455,2,199.185,500
912000059141,F /F2 RAY BAN 3456,1,193.806153846154,400
912000059169,F /F2 RAY BAN 3468,1,198.09475,400
912000059285,F /F2 RAY BAN 3507,-1,571.59,800
912000059286,F /F2 RAY BAN 3521,1,462.4,700
912000059300,F /F2 RAY BAN 4170,1,492,700
912000059284,F /F2 RAY BAN 8052,3,713.5725,1000
912000059249,F /F2 RAY BAN 8352,1,512.013333333333,1000
912000059106,F /F2 RAY BAN 9506,1,185.864285714286,400
912000027042,F /F2 S.FERREGAMO-1043,1,520,1145
912000027013,F /F2 S.FERREGAMO-1061,1,367,740
912000027010,F /F2 S.FERREGAMO-1068,1,170,200
912000027022,F /F2 S.FERREGAMO-1071,2,170,300
912000027008,F /F2 S.FERREGAMO-1073,4,170,510
912000027029,F /F2 S.FERREGAMO-1078,2,500,1000
912000027036,F /F2 S.FERREGAMO-1079,1,294,735
912000027037,F /F2 S.FERREGAMO-2051,2,294,735
912000027020,F /F2 S.FERREGAMO-2054,1,200,550
912000027019,F /F2 S.FERREGAMO-2063,1,250,650
912000009011,F /F2 S.TACCHINI 1097,1,210,350
912000009012,F /F2 S.TACCHINI 1109,2,400,400
912000009007,F /F2 S.TACCHINI-1105,2,210,350
912000009002,F /F2 S.TACCHINI-1116,1,140,405
912000009001,F /F2 S.TACCHINI-1122,1,140,300
912000053001,F /F2 S.TACHINI 1032,1,210,600
912000053002,F /F2 S.TACHINI 1049,2,210,530
912000053003,F /F2 S.TACHINI 1052,1,210,525
912000009009,F /F2 S.TACHINI 1111,1,200,400
912000040001,F /F2 SILHOUETTE 8104,1,431.23,990
912000040007,F /F2 SILHOUETTE 8650,1,515,990
912000029715,F /F2 TAG 883 311 AUTOMATI,1,1060,2800
912000029701,F /F2 TAG AMR-CUP 9202 113,1,420,1100
912000015006,F /F2 VERSACE-2028,1,444.825,880
912000015027,F /F2 VERSACE-2029,1,477,1320
912000015016,F /F2 VERSACE-2084,2,804.95,1250
912000015012,F /F2 VERSACE-4049,1,626.25,1350
912000015024,F /F2 VERSACE-N81H,1,348,690
912000015026,F /F2 VERSACE-N87,1,31,930
912000012121,F /F2 VOGUE 3883,1,376,950
912000012055,F /F2 VOGUE-2412,1,69.02,650
912000012005,F /F2 VOGUE-3423,3,152,385
912000012026,F /F2 VOGUE-3424,1,188.06,420
912000012019,F /F2 VOGUE-3647,1,193.24,480
912000036001,F /F2 X-TREAM 5047,3,35,240
912000036004,F /F2 X-TREAM 6508,2,35,260
912000036006,F /F2 X-TREAM 905,1,35,280
912000036005,F /F2 X-TREAM SG D,2,35,270
911000067003,F /FR ARNETTE 6015,1,131.02,530
911000067002,F /FR ARNETTE 6017,8,107.41,625
911000064113,F /FR AUGUSTO VALANTI70225,2,292.56,860
911000049001,F /FR CARTIER WOOD,-1,28.98,4600
911000052003,F /FR D.KARAN 3541,2,180,400
911000052004,F /FR D.KARAN 3542,3,180,400
911000032001,F /FR DIESEL FR D,3,34.75,250
911000010020,F /FR E.ARMANI-228,4,240,350
911000010008,F /FR E.ARMANI-9038 F2,1,225,450
911000007005,F /FR EASYTWIST-668,11,180,400
911000002002,F /FR EXALT CYCLE,5,323,400
911000028046,F /FR EXALTO HE2102,2,418.58,625
911000028029,F /FR EXALTO ID1604,1,386.485,580
911000028001,F /FR EXALTO-102,3,250,375
911000030021,F /FR FIDELA ATLANTIC,4,110,230
911000030015,F /FR FIDELA AVANA,5,111,280
911000030023,F /FR FIDELA CORFOU,1,150,320
911000030017,F /FR FIDELA HERBLINE,1,164.9,620
911000030009,F /FR FIDELA IMOOD,3,176.71,500
911000030006,F /FR FIDELA NOMAD,1,117,350
911000030025,F /FR FIDELA ODYSSEE F2,1,105,260
911000030014,F /FR FIDELA TOUCAN F2,4,92,260
911000030008,F /FR FIDELA VALDES ODO,1,244,610
911000037007,F /FR MARIO LARINI 57,1,54.11,280
911000031015,F /FR OXIBIS - KINI,14,226.927647058824,340
911000031013,F /FR OXIBIS - KYPI,15,293.14,440
911000031014,F /FR OXIBIS - ZIA,14,228.684666666667,340
911000031007,F /FR OXIBIS BRAZIL,9,259.485,390
911000031026,F /FR OXIBIS FLORE,1,171.01,300
911000031010,F /FR OXIBIS KISKA,15,285.614666666667,425
911000031030,F /FR OXIBIS LAKI,1,160.183333333333,240
911000031008,F /FR OXIBIS MASSAI,5,186.174285714286,280
911000031031,F /FR OXIBIS MITIK,1,207.13,310
911000031025,F /FR OXIBIS PIXO,4,328.78,490
911000031003,F /FR OXIBIS PLAZZA,7,207.138571428571,300
911000031027,F /FR OXIBIS SMALL,23,161.026296296296,250
911000031022,F /FR OXIBIS STAMP,3,283.22,425
911000031024,F /FR OXIBIS TRAX,1,263.28,390
911000031001,F /FR OXIBIS-FLEXY,4,207,310
911000004019,F /FR POLAR 197,1,142,300
911000004002,F /FR POLAR-557,3,180,400
911000018001,F /FR PRADA VPR 521 / 621,-1,450,1050
911000066009,F /FR ROHM 1114,1,182.24,640
911000012004,F /FR VOGUE-3337 F2,1,143,300
914000000095,F /GRP SPORT RIDER,1,18,250
915000000002,F/AR-VIN ADIDAS F2,1,85.2347368421053,450
915000000008,F/AR-VIN BALLY F1,1,86.45,550
915000000009,F/AR-VIN BOLON F1,-1,84.6826923076923,650
915000000027,F/AR-VIN BOSS (HUB) F1,-2,120.67487804878,750
915000000028,F/AR-VIN BOSS (HUG) F1,4,114.924545454545,640
915000000039,F/AR-VIN CANALI,1,205,900
915000000013,F/AR-VIN CARRERA F1,-1,66.037,550
915000000015,F/AR-VIN CELLINI F1,-24,139.575,450
915000000014,F/AR-VIN CHLOE F1,1,174.265,580
915000000018,F/AR-VIN DIESEL F1,1,48.395,490
915000000019,F/AR-VIN DSQUARED F1,1,82.1933333333333,520
915000000022,F/AR-VIN EYEYE F1,1,33.685,380
915000000024,F/AR-VIN G-STAR RAW F1,1,64.0744444444444,400
915000000025,F/AR-VIN GUESS F1,2,58.575,420
915000000026,F/AR-VIN GUESS F2,1,87.78,450
915000000040,F/AR-VIN ITALIA INDEPENDENT,2,31.2368421052632,370
915000000045,F/AR-VIN KARL LAGERFELD,-2,98.4,520
915000000055,F/AR-VIN MARC JACOBS,8,110.08125,700
915000000029,F/AR-VIN MARC JACOBS F1,-8,117.945,490
915000000054,F/AR-VIN MCM,1,112.75,680
915000000033,F/AR-VIN RAY BAN F1,-2,221.584444444444,720
915000000032,F/AR-VIN RODENSTOCK F1,3,102.870666666667,500
915000000034,F/AR-VIN SAFILO F1,1,86.8415151515152,600
915000000036,F/AR-VIN TOMMY HILFIGER F1,3,81.1577142857143,570
913000000709,F/ASS 1476 ITALY FR,1,26.83,250
913000000232,F/ASS 4US,5,225,600
913000000481,F/ASS A MODIANI CARBON,20,68.314702970297,370
913000000747,F/ASS A106 ITALY FR,2,26.825,250
913000000252,F/ASS ACRAF RIMLESS,1,35,220
913000000054,F/ASS ACTIVE LINE,211,23.1681707317073,190
913000000789,F/ASS ACTOR FR D,1,34,140
913000000787,F/ASS ADESSO FR D,1,34,140
913000000254,F/ASS ADIDAS-F2,-1,30,180
913000000002,F/ASS ADM ARMATA,4,243,600
913000001048,F/ASS ADVANTAGE F1,48,0,250
913000000315,F/ASS AIRLINES,1,50,250
913000000181,F/ASS ALFA DESIGN,14,55,220
913000000958,F/ASS ALLISON REMLES FR,26,27.835,340
913000000457,F/ASS ALMQ FR D,1,16.7222727272727,250
913000000635,F/ASS ALPI FR ITALY,1,19.56,380
913000000177,F/ASS AMERICAN CITIES FR,4,13.90875,170
913000000600,F/ASS ANNASUI FR ITALY,2,19.565,580
913000000721,F/ASS ANTONIO VERDI ITALY ,10,26.825,250
913000000471,F/ASS APACHE FR D,3,28,250
913000000204,F/ASS APOLLO,6,11,190
913000000495,F/ASS ARMAND BASI F,1,120.911904761905,420
913000000496,F/ASS ARMAND BASI S,3,62.2148979591837,450
913000000052,F/ASS AROMA,4,50,240
913000000701,F/ASS ART EYES ITALY FR,31,17.2728301886792,250
913000000377,F/ASS ART FOR EYES,1,0,290
913000000642,F/ASS ART FR ITALY,2,19.56,350
913000000172,F/ASS ARTISTI ITALIANI,1,52,290
913000000726,F/ASS ASPEN ITALY FR,6,24.44,250
913000000043,F/ASS ATLAS OPTICAL,838,10,120
913000001028,F/ASS AVANA CLUB F1,5,0,250
913000000939,F/ASS AVANTI F2 D,3,55,200
913000000791,F/ASS AVANTI FR D,6,46.4277777777778,220
913000000548,F/ASS B ONE FR ITALY,2,15.175,250
913000000971,F/ASS B&B EYE WEAR ITALY F,1,79.46,350
913000000091,F/ASS B.O.F,1,135,405
913000000942,F/ASS BALMAIN F2 D,5,34,160
913000000965,F/ASS BED FORD EVANEW ITAL,4,38.44,250
913000000690,F/ASS BEDFURD AVENUE ITALY,8,18.52125,250
913000000049,F/ASS BEEHIVE,6,39.315,220
913000000797,F/ASS BEN TEN FR D,1,0,180
913000000967,F/ASS BIG DOGS ITALY FR,11,27.7,250
913000000693,F/ASS BLUE BUTTERLY ITALY ,8,26.826,250
913000000663,F/ASS BLUE MERINEITALY F2,1,0,420
913000000802,F/ASS BOGNER F2 F1 D,4,0,180
913000000803,F/ASS BOMBINI ITALY FR,1,0,400
913000000205,F/ASS BONNEVILLE TITAN,3,120,280
913000000949,F/ASS BORSALINA PLASTIC FR,1,27.6947826086957,490
913000000696,F/ASS BOUNDLES ITALY FR,4,26.825,250
913000000807,F/ASS BOZ FR D,4,50,250
913000000809,F/ASS BRAVO F2 D,1,94.784,320
913000000808,F/ASS BRAVO FR D,9,50.885,320
913000000970,F/ASS BRENDEL,239,18.0475,350
913000000362,F/ASS BRIKO FR D,2,15.85,250
913000000960,F/ASS BRILLE METAL FR,70,28.0316216216216,290
913000000228,F/ASS BRILLEN,11,80,220
913000000527,F/ASS BRILLIANT FR D,1,16.945,250
913000000033,F/ASS BROKS BROTHERS,4,110,320
913000000323,F/ASS BRUNO CARIDI,7,90,250
913000000811,F/ASS BRUNS BAZZA FR,4,34,140
913000000240,F/ASS BURNO BERNINI,14,25,220
913000000742,F/ASS CADORE MODA ITALY FR,13,26.82,250
913000000986,F/ASS CALVIN KLEIN F1 ITL,1,113.39,650
913000001070,F/ASS CALVIN KLEIN FRD ,2,0,250
913000000434,F/ASS CAROLINA HERRERA FR,2,39.97,320
913000000945,F/ASS CAROLINE FR D,6,34,150
913000000038,F/ASS CARTELO,8,25,150
913000000648,F/ASS CARTIER F2 ITALY,4,73.5325,620
913000001071,F/ASS CASANOVA F1,4,0,250
913000001022,F/ASS CASTELLANI F2,1,0,250
913000000171,F/ASS CELEBRITY FR,3,50,250
913000000411,F/ASS CELINE DION FR,2,57.085,650
913000000782,F/ASS CELLINI/KIMIKO ITA F2,51,135.481290322581,650
913000000246,F/ASS CESARE PACIOTTI F2,1,247,550
913000000245,F/ASS CESARE PACIOTTI FR,2,225,600
913000001027,F/ASS CHANTAAL THOMASS F1,1,0,250
913000000995,F/ASS CHARRO F2,12,72.23,320
913000001078,F/ASS CHEUIGNON F2,1,0,250
913000001094,F/ASS CHIC & CREATIVE C&C,3,13.3133333333333,320
913000000242,F/ASS CHICCO ASS,7,80,200
913000001033,F/ASS CHRISTIAN LACROIX F1,1,0,250
913000000956,F/ASS CHRISTIES PLAS FR,8,34.755,390
913000000816,F/ASS CITY VISION F2 D,20,15.66,140
913000000111,F/ASS CLASSIC EYEWEAR,11,50,220
913000000515,F/ASS CLEAR VISION FR,5,26.2684200131666,390
913000000728,F/ASS COLISEUM ITALY FR,4,26.8247826086957,250
913000000220,F/ASS CONFIDENCE,7,50,210
913000000117,F/ASS CONNECT,276,15.465,320
913000000317,F/ASS CONNECT 5 CLPON,17,22.83,450
913000000135,F/ASS CONNECT CLPON,115,22.8349885583524,320
913000000727,F/ASS COUNTRY ITALY FR,6,27.96,250
913000000666,F/ASS CREATIVI ITALY FR,2,52.1823611111111,320
913000000820,F/ASS CRIZAL FR D,1,0,180
913000000822,F/ASS CULTURE F2 D,2,34,180
913000000619,F/ASS D&D FR ITALY,4,24.4525,420
913000000684,F/ASS D790 ITALY FR,1,26.82,250
913000000051,F/ASS DAMIANI,16,50,250
913000000030,F/ASS DAVIDOFF,20,60,220
913000000152,F/ASS DAVINCI,157,49.6540625,290
913000000992,F/ASS DE POINT,24,14.6,290
913000000280,F/ASS DESIGN MARKUS,6,250,650
913000000731,F/ASS DIESEL ITALY F2,1,0,650
913000000957,F/ASS DIESSE FR,1,40.895,330
913000000588,F/ASS DISNEY STING FR ITAL,12,51.115,380
913000001026,F/ASS DOLCE VITA F1,5,0,250
913000000100,F/ASS DON CARLOS,12,50,260
913000000830,F/ASS DONA KARAN FR D,2,34,180
913000000723,F/ASS DONNA FONTANA ITALY ,5,22.5078571428571,250
913000000831,F/ASS DORA FR D,1,34,140
913000001014,F/ASS DREAM 17,4,56.185,350
913000001015,F/ASS DREAM 17 CLIP ON,-3,102.545,480
913000001093,F/ASS DREAM 18,26,20.125,350
913000000832,F/ASS EDEN GERMANY FR D,20,34,140
913000000833,F/ASS ELIZA F1 F2,2,0,140
913000000071,F/ASS EMPORIUM,67,35.0061538461538,290
913000000223,F/ASS EMPREINTE,1,40,220
913000000834,F/ASS ENNI MARCO ITALY F2,3,285,650
913000000835,F/ASS ENVY FR D,1,0,140
913000000620,F/ASS EOZAF FR ITALY,2,19.56,420
913000000837,F/ASS ESCADA F2 F1 D,1,160,250
913000000840,F/ASS ESCHENBACH F2 D,9,50,180
913000000839,F/ASS ESCHENBACH FR D,4,34,140
913000000075,F/ASS ESSANCE,5,69,260
913000000725,F/ASS ESSENTEL EYEWEAR ITA,3,27.115,250
913000001010,F/ASS EX1179,1,29.96,250
913000000214,F/ASS EXCALIBUR,5,90,270
913000000686,F/ASS EXPLORER ITALY FR,1,26.82,250
913000000445,F/ASS EYE LID FR D,3,20,250
913000000431,F/ASS EYE ON NEW YOURK,2,0,250
913000000743,F/ASS F.H.N ITALY FR,9,26.5109090909091,250
913000000841,F/ASS FASHION BIRD FR D,2,34,180
913000001077,F/ASS FAT BOY F2,9,0,250
913000000615,F/ASS FAT BOY FR ITALY,30,19.5635,450
913000000310,F/ASS FELIX,1,50,220
913000000291,F/ASS FELLINI,4,50,250
913000000976,F/ASS FEROCE / CLIP ,4,17.8986816720257,340
913000000975,F/ASS FEROCE FR D,89,19.8349917627677,300
913000000055,F/ASS FERRA COLECTION,38,79.7606666666667,200
913000000611,F/ASS FERRE FR ITALY,2,19.56,450
913000000962,F/ASS FIDO DIDO ITALY FR,3,27.696,250
913000001034,F/ASS FIRE F1,1,0,250
913000000290,F/ASS FIRST COLLECTION,6,30,180
913000000235,F/ASS FIRST LOOK,5,28,210
913000000234,F/ASS FISHBONE,14,92,330
913000000352,F/ASS FLEXON FR D,25,7.39,250
913000000576,F/ASS FLIGHT FLEX ITALY,3,29.345,320
913000001008,F/ASS FLITE,9,29.96,250
913000000552,F/ASS FOR FREE STYLE FR IT,290,4.13747663551402,250
913000000624,F/ASS FOSS FR ITALY,1,19.56,420
913000000363,F/ASS FRED FR D,1,25.99,350
913000000244,F/ASS FREE LAND,6,39.72,225
913000000326,F/ASS FREND,2,50,180
913000000406,F/ASS FREUDENHAUS FR,10,57.0845454545455,750
913000000846,F/ASS FURET FR D,1,0,140
913000000186,F/ASS FUTURE EYES,14,18,250
913000000149,F/ASS G.ARMANI FR D,1,95.4,250
913000000660,F/ASS GA FR D,49,5.13117647058824,250
913000000634,F/ASS GALAXY FR ITALY,1,19.56,450
913000001009,F/ASS GAR,1,29.96,250
913000000269,F/ASS GF FERRE F2,2,93.0433333333333,500
913000000470,F/ASS GIACOMA PUCCINI FR D,2,15,250
913000000598,F/ASS GIANI VERSACE FR ITA,4,19.5625,640
913000001020,F/ASS GIORDANO ,588,54.9849931600547,580
913000000852,F/ASS GIORGIO FONTANA FR D,1,0,180
913000000853,F/ASS GIVENCHY ITALY F2,3,160,500
913000000564,F/ASS GREG NORMAN ITALY F2,28,174.835,590
913000000140,F/ASS GUCCI FR D,17,8.85113636363636,250
913000000671,F/ASS GUESS ITALY F2,3,105.2925,650
913000000856,F/ASS HANG TEN FR D,1,34,140
913000000469,F/ASS HATENO FR D,3,10,250
913000000312,F/ASS HEIDI,6,78.4083333333333,180
913000000740,F/ASS HENRY CHOICE ITALY F,82,26.8175609756098,250
913000000187,F/ASS HERCULES,65,62.5,100
913000000857,F/ASS HERO FR D,1,0,140
913000000738,F/ASS HUGLY FLEMING ITALY ,4,27.065,250
913000000416,F/ASS HUMPHREY FR,13,57.084,450
913000000858,F/ASS HUMPHREY FR D,9,0,140
913000000631,F/ASS HUSKY FR ITALY,2,19.56,380
913000000618,F/ASS I BOURGASI FR ITALY,12,19.5636666666667,290
913000000734,F/ASS I.C.U ITALY FR,28,26.4675609756098,250
913000000571,F/ASS IBOURGEOIS FR ITALY,7,0,290
913000001083,F/ASS ID F1,1,0,250
913000000860,F/ASS IMATE FR D 34,1,0,140
913000001051,F/ASS I-O-V-E-S F1,1,0,250
913000000393,F/ASS ITALIA BELLA FR,9,19.4442857142857,250
913000000775,F/ASS IZABELLA ITALY F1,10,14.94,320
913000001035,F/ASS JACQUES LEMANS F1,15,0,250
913000001030,F/ASS JEAN PUCCI ,1,0,250
913000000768,F/ASS JECKERSON ITALY FR,3,24.34769035533,380
913000000862,F/ASS JFRY FR D,1,0,140
913000000012,F/ASS JOMANA,329,20,100
913000000031,F/ASS JOOP,21,80.6908695652174,300
913000001019,F/ASS JUNIOR CELLINI,10,99.7742857142857,400
913000000724,F/ASS JUNIORS ITALY FR,29,26.8258620689655,250
913000000378,F/ASS K&L,1,0,350
913000000046,F/ASS KANE MANNEN,17,160,450
913000000096,F/ASS KAOS-FR,30,94,400
913000000864,F/ASS KARAVAN FR D,1,0,140
913000000865,F/ASS KARAYOKKO FR D,1,34,140
913000001046,F/ASS KELFRED,1,0,250
913000000243,F/ASS KILLER LOOP,2,177.776666666667,350
913000000351,F/ASS KISWANI FR D,1,6.165,250
913000000279,F/ASS KITE,2,50,200
913000000027,F/ASS KLIK- FR,8,146.456666666667,410
913000000866,F/ASS KOOL FR,26,25.955,320
913000000485,F/ASS L.BRIDGE IMPULSE F,1,51.475,320
913000000066,F/ASS L.S.OPTICAL,1,50,220
913000000703,F/ASS L62 ITALY FR,1,26.82,250
913000000676,F/ASS L84 ITALY FR,2,26.82,250
913000000194,F/ASS LA FENETRE,1,40,200
913000000868,F/ASS LAKA TONY F1 F2,13,36.74,250
913000001006,F/ASS LBO NATHAN,-1,64.96,420
913000000558,F/ASS LEO ITALY F2,2,76.7333333333333,480
913000000293,F/ASS LES CAPAINS F2,1,240,720
913000000418,F/ASS LESCA FR,6,57.0828571428571,390
913000000937,F/ASS LEVIS ITALY FR,4,248.075,690
913000001081,F/ASS LILAC F1,1,0,250
913000000692,F/ASS LILLI PUT ITALY FR,1,24.78,250
913000000155,F/ASS LINEA ROMA,50,49.5228571428571,220
913000000498,F/ASS LOIS FRAME,1,94.565,450
913000000081,F/ASS LONGINES,2,137.81,350
913000000015,F/ASS LOOK OPT,13,100.1532,280
913000000872,F/ASS LOONEY FR D,7,34,140
913000000567,F/ASS LOTTO ITALY F2,14,57.9815254237288,350
913000000522,F/ASS LOTTO ITALY FR,19,58.9051063829787,250
913000000429,F/ASS MADE IN ITALY FR,291,18.0049783549784,320
913000000876,F/ASS MALDINI FR,92,39.5048571428571,250
913000000274,F/ASS MAMA DESIGN,5,100,220
913000000121,F/ASS MANCHESTER,640,34.9440561622465,200
913000000665,F/ASS MANIA ITALY FR,6,35.605,320
913000000170,F/ASS MARATHON,1,0,220
913000000879,F/ASS MARCO VALENTINO FR D,1,34,250
913000000880,F/ASS MARIE CLAIR F2 D,23,34,180
913000000881,F/ASS MARIE DESIGN FR D,7,20.4446666666667,180
913000000057,F/ASS MARWITZ,132,30.6953333333333,180
913000000559,F/ASS MAX ITALY F2,4,100.71,480
913000000968,F/ASS MAXY ITALY FR,-2,27.7,250
913000000883,F/ASS MAYAZAWA FR D,15,34,140
913000000613,F/ASS MAZINI FR ITALY,2,19.565,420
913000000651,F/ASS MEITZ GERMANY,15,19.563125,250
913000000226,F/ASS MEMOFLEX,5,65.5271428571429,220
913000000028,F/ASS MENRAD,92,51.0306666666667,195
913000000982,F/ASS MERCEDES F1 ITALY,5,101.355,670
913000000182,F/ASS METAL VISTA,86,52.1609302325581,200
913000001080,F/ASS MICKEY & FRIENDS F1,3,0,250
913000001054,F/ASS MILLANIUM F1,10,0,250
913000000092,F/ASS MILLENNIO,7,165,465
913000000085,F/ASS MINIMA,44,280,520
913000000229,F/ASS MINIMOME,9,150,300
913000000387,F/ASS MIO 900 FR,1,18.3733333333333,250
913000001088,F/ASS MIQIE F1,6,0,250
913000000884,F/ASS MIRA FLEX FR D,3,0,140
913000000568,F/ASS MIRA KIDS ,28,60,290
913000000278,F/ASS MIRACULOUS,5,50,200
913000000963,F/ASS MISS LILLIPUT ITALY ,6,0,250
913000000073,F/ASS MIUKI,19,27,220
913000000364,F/ASS MONT BLANC FR D,2,53.85,250
913000000159,F/ASS MOOVIT,11,190,380
913000000450,F/ASS MOYA FR D,52,10.1748936170213,250
913000001007,F/ASS MURANO 17,2,37.45,450
913000000886,F/ASS MYZO & NIKON FR D,10,26.8,180
913000001058,F/ASS NA UND F1,1,0,250
913000000656,F/ASS NANO KIDS SPAIN FR,14,54.8,280
913000000435,F/ASS NEW BOYS & GIRLS CHI,973,16.924994994995,280
913000000780,F/ASS NEW DAY ITALY F1,1,22.2,320
913000000887,F/ASS NEW FEELING & NONA F,1,20.8342857142857,140
913000000249,F/ASS NEW STYLE CHILD,9,24,120
913000000098,F/ASS NEW VIEW,21,43.7646153846154,280
913000000402,F/ASS NIKE FR,2,47.4733333333333,420
913000000746,F/ASS NINE QWEST ITALY FR,1,26.82,250
913000000385,F/ASS NO END FR,82,20.8526351351351,250
913000000603,F/ASS NO STRESS FR ITALY,6,19.5633333333333,480
913000000549,F/ASS NORDICA FR ITALY,6,20.7142857142857,250
913000000972,F/ASS NUV ANT ITALY F2,14,69.2147619047619,450
913000000314,F/ASS O.G.SMITH,4,50,190
913000000094,F/ASS O.MARINES F2,1,70,280
913000000157,F/ASS OKEY F2,6,15,190
913000000736,F/ASS OLIVIERI ITALY FR,59,26.825,250
913000001062,F/ASS OMARIO F1,15,0,250
913000000783,F/ASS OPTICAL EXPERT F2 IT,25,75.7276470588235,500
913000000037,F/ASS OPTOLINE,74,71.8031081081081,330
913000000139,F/ASS OXYDO FR D,3,16.3349397590361,250
913000000169,F/ASS OZONE,1,100,250
913000000248,F/ASS P.CARDIN,1,108,550
913000000284,F/ASS PACO RABANNE,2,50,250
913000000989,F/ASS PADOVA D,3,18.0548484848485,280
913000000578,F/ASS PAGANI FR D,1,18.1814,290
913000000501,F/ASS PAPA RAZZI FR D,64,32.5449781659389,290
913000000455,F/ASS PARTY FR D,2,19.6913043478261,250
913000000008,F/ASS PAULO PHILIP SLITECS,1,135.864838709677,400
913000000045,F/ASS PB TITANE,5,174,380
913000000231,F/ASS PENDS,1,52,300
913000000669,F/ASS PEOPLE F2,1,40.9,390
913000000955,F/ASS PEOPLE PLASTIC FR,9,43.5973099415205,350
913000000893,F/ASS PER FORMERS FR,7,45.7814285714286,250
913000000894,F/ASS PERFECT KIDS & PLUS ,90,20,140
913000000222,F/ASS PERSONAL OPINION,3,40,190
913000000688,F/ASS PIA MONT CLIP-ON,1,40.9,450
913000001074,F/ASS PILOT F2,-1,0,250
913000000895,F/ASS PIRLO FR D,47,33.8679310344828,200
913000000067,F/ASS PITOL CLIP ON,6,50,250
913000000104,F/ASS PLAY BOY FR,9,115,450
913000000287,F/ASS POLEOPTIK,7,50,200
913000000741,F/ASS POLO ITALY FR,2,26.82625,250
913000000338,F/ASS POP EIGHTY FOUR,8,110,280
913000000016,F/ASS POPEYE,1855,42.0014986522911,210
913000000060,F/ASS PREMIATO EMPORIO KID,15,76,280
913000000607,F/ASS PRIMA VERA FR ITALY,5,19.562,540
913000000020,F/ASS PRINCES,5,50,280
913000000356,F/ASS PTITS GENIES,3,55,250
913000000897,F/ASS PURE & PURE TITAN,1,29.95,180
913000000729,F/ASS RAFELLO ITALY FR,5,26.824,250
913000001068,F/ASS R-DK F1,1,0,250
913000000977,F/ASS READSUN,6,12.2249333333333,325
913000000392,F/ASS RED BERRY FR,1,18.38,250
913000000227,F/ASS RENE LEZARD,3,75,350
913000001095,F/ASS RHODES,1,13.4445454545455,320
913000000262,F/ASS RIVIERA,1,60,290
913000000719,F/ASS ROBERTO CABRAS ITALY,2,27.1585714285714,250
913000000901,F/ASS ROBERTO MARTINI FR D,1,0,140
913000001086,F/ASS ROCCO F1,1,0,250
913000000599,F/ASS ROLLER BLADE FR ITAL,1,19.5625,600
913000000702,F/ASS ROLO ITALY FR,1,0,250
913000000216,F/ASS ROMANCE ITALY DESIGN,1,108,220
913000000902,F/ASS ROMANTIC & S.MAX F2,1,44.66,180
913000000299,F/ASS ROMEO GIGLI F2,3,63.65,720
913000000162,F/ASS ROSE,121,30,220
913000000059,F/ASS ROSSINI,100,92.4234782608696,400
913000000263,F/ASS ROVAN,-4,27.155,350
913000000739,F/ASS S.E.B.L ITALY FR,1,26.8655555555556,250
913000000065,F/ASS SABEL,78,62,220
913000000190,F/ASS SABEL SEVENTY,28,75,250
913000000144,F/ASS SAFILO FR D,17,16.5050909090909,250
913000000143,F/ASS SAFILO KID,5,40,250
913000000658,F/ASS SAPPHIRE FR D,6,18.105,250
913000000744,F/ASS SAVINI ITALY FR,2,26.825,250
913000001043,F/ASS SC F1,1,0,250
913000001050,F/ASS SEE F1,3,0,250
913000000753,F/ASS SEE PERFECT,198,35.6849934469201,340
913000001025,F/ASS SENATOR F1,5,0,250
913000000679,F/ASS SERENGENTI ITALY FR,3,26.8266666666667,250
913000000935,F/ASS SEVENTH STREET ITAL,4,615,1100
913000000397,F/ASS SGUARDI F1,3,40.9,420
913000000462,F/ASS SHARINIO FR D,1,16.72,250
913000001012,F/ASS SHOC,43,15.628275862069,250
913000000573,F/ASS SIGHT STUDENT ITALY ,3,42.67,290
913000001065,F/ASS SILVERON FI,1,0,250
913000000733,F/ASS SIMPLY BLUE ITALY FR,1,27.3547058823529,250
913000000014,F/ASS SKY LINE,15,90,240
913000000961,F/ASS SNOOPY ITALY FR,19,27.6975,250
913000000006,F/ASS SO STYLISH,126,49.6461940298508,250
913000001039,F/ASS SOLAIRE F1,1,0,250
913000000907,F/ASS SOLARRE & SOTTILE FR,1,38.75,140
913000000909,F/ASS SOPHIA F2 ,2,34,140
913000000908,F/ASS SPEXXX & SPIDER FR D,3,37,140
913000001044,F/ASS ST.DENVER,1,0,250
913000000988,F/ASS SUN SPORT D,9,18.0546153846154,280
913000000698,F/ASS SUNION ITALY FR,7,26.8254545454545,250
913000000649,F/ASS SUPER LINE FR ITALY,4,19.5625,620
913000000108,F/ASS SURVIVOR FR,22,26,250
913000001090,F/ASS SWAP F1,5,146.816,590
913000000936,F/ASS SWAROVSKI ITALY F2,5,138.5725,600
913000000910,F/ASS SWATCH & SWIDOO FR D,1,50.04,250
913000000706,F/ASS SWEDISH DESIGN ITALY,4,26.82,250
913000000253,F/ASS SWIMGLASS,7,20,29
913000000410,F/ASS SYLVIES FR,6,57.084,450
913000001084,F/ASS TAKE F1,1,0,250
913000000672,F/ASS TAO ITALY FR,6,26.325,250
913000000086,F/ASS TAXY,29,500,1000
913000000202,F/ASS TCDE CASTELBAJAE,1,50,220
913000001092,F/ASS THEO F1,6,146.815,420
913000000412,F/ASS THEO F2,7,57.0825,390
913000000295,F/ASS THIN OPTICS READING,25,60.5911111111111,150
913000000758,F/ASS TIFFANY F1 ITALY,9,19.565,350
913000000001,F/ASS TITANIUM CIGAR,3,209,520
913000000627,F/ASS TOMMY BHAMA FR ITALY,1,19.56,420
913000000525,F/ASS TOMS FR D,58,10,250
913000000241,F/ASS TONI GARD F2,3,80,220
913000000917,F/ASS TOP SHOP & TOTY FR D,4,50,180
913000000179,F/ASS TREVI,4,25,150
913000000919,F/ASS TROY FR F2,3,37.4713461538462,180
913000001037,F/ASS TROYIT F2,1,0,250
913000000661,F/ASS TRUSSARDI ITALY F2,34,42.4513580246914,560
913000000602,F/ASS TRY FR ITALY,6,19.5625,480
913000000077,F/ASS TRY TG,11,115,300
913000000311,F/ASS TURBO,1,50,180
913000000188,F/ASS TURTLES,90,85,120
913000000200,F/ASS TUTO ITALIANO,1,42.25,180
913000000920,F/ASS TWENTY2 FR D,14,34.9966666666667,250
913000000572,F/ASS TWILL ITALY FR,409,19.6263544303797,290
913000000175,F/ASS TWIN TWIST,13,100,200
913000000643,F/ASS U-LITE FR ITALY,1,19.56,350
913000000978,F/ASS ULTRALIGHT,30,49.81425,600
913000000673,F/ASS V12 ITALY FR,9,26.8255555555556,250
913000000386,F/ASS VALANTINI YUDASHKIN ,1,40.895,250
913000000587,F/ASS VALENTINO FR ITALY,1,143.365,480
913000000925,F/ASS VANS & ZEROX F2 D,20,34,140
913000000924,F/ASS VARIETY F2 D,3,80.1275,350
913000000923,F/ASS VARIETY FR D,1,50.76,250
913000001042,F/ASS VELENTINO F1,-4,0,250
913000000990,F/ASS VERONA D,1,18.055,280
913000000926,F/ASS VERSACE F2 D,1,55.1,250
913000000932,F/ASS VERSINO & VERSUS FR ,5,34,180
913000000609,F/ASS VICENTI FR ITALY,6,22.13,480
913000000114,F/ASS VIERRI 2 METAL FR,2,86.84,320
913000000340,F/ASS VIGOUR FR D,55,15.3988688946015,250
913000000927,F/ASS VINTAGE ITALY F2,1,190,500
913000000928,F/ASS VIOLA & VIRGO FR D,1,49.2,180
913000001018,F/ASS VISIBILIA,1,29.96,290
913000000993,F/ASS VISTA,9,72.325,380
913000000503,F/ASS VIVA FR D,1,40,290
913000000193,F/ASS VOGA,10,72,190
913000000289,F/ASS VOLLY BALL,1,80,250
913000000597,F/ASS WANDER FR ITALY,4,19.5625,600
913000000224,F/ASS WEST CHILD,2,35,190
913000000991,F/ASS WEST CLIPON,4,109.535,450
913000000456,F/ASS WHITE LED FR D,15,16.72,250
913000000776,F/ASS WHY NOT ITALY F1,2,40.895,320
913000000662,F/ASS WHY NOT ITALY F2,11,40.9,390
913000001016,F/ASS WINCHESTER,2,29.96,250
913000000398,F/ASS WIND FR,2,18.375,250
913000000087,F/ASS WOOD FRANCE,26,300,600
913000000929,F/ASS XENITH ITALY FR,5,414,850
913000000131,F/ASS X-LINE FR D,15,9.65104166666667,250
913000000003,F/ASS XYI WEAR,29,281,600
913000000408,F/ASS YOUS FR,5,57.0842857142857,480
913000001031,F/ASS Y-S-L F1 ,10,0,250
913000000101,F/ASS YUPPIE,9,32.8762962962963,250
913000000512,F/ASS ZARA FR D,3,30,250
913000000931,F/ASS ZAXIO & ZOFF FR D,3,34.25,140
913000000010,F/ASS ZEISS,91,39.7914432989691,220
913000001017,F/ASS ZERO,6,29.96,250
913000000466,F/ASS ZUOBIAO FR D,2,15,250
911000037401,F/F1 AGATHA RUIZ AS,18,204,650
911000083013,F/F1 ANGRY BIRD AB002,1,154.095,420
911000001779,F/F1 AR ADIDAS OR 5004,1,78.84,550
911000001622,F/F1 ARMANI EX 3115,-2,206,750
911000000368,F/F1 ARMANI EXCHANGE 1027,-1,232,830
911000001673,F/F1 ARMANI EXCHANGE 1055,1,210,680
911000001674,F/F1 ARMANI EXCHANGE 1064,-3,210,720
911000001771,F/F1 ARMANI EXCHANGE 1068,-2,420,650
911000000375,F/F1 ARMANI EXCHANGE 3016,-3,209.345,670
911000001676,F/F1 ARMANI EXCHANGE 3078,-1,210,680
911000001493,F/F1 ARMANI EXCHANGE 3083U,7,197.318,720
911000001494,F/F1 ARMANI EXCHANGE 3103,-7,204.726666666667,720
911000001677,F/F1 ARMANI EXCHANGE 3108,-1,210,670
911000001761,F/F1 ARMANI EXCHANGE 3118U,-1,0,650
911000001678,F/F1 ARMANI EXCHANGE 3119,-2,210,670
911000001762,F/F1 ARMANI EXCHANGE 3126,-1,420,670
911000002024,F/F1 ARMATI & ARMATI CLIP,-5,27.2086956521739,350
911000001601,F/F1 ARNETTE 4274,-1,231.78,780
911000067007,F/F1 ARNETTE 6001,3,153.956666666667,530
911000067016,F/F1 ARNETTE 6003,1,193.51,615
911000067008,F/F1 ARNETTE 6016,1,0,600
911000067009,F/F1 ARNETTE 6021,1,172.85,530
911000067011,F/F1 ARNETTE 6023,1,190.406,530
911000067021,F/F1 ARNETTE 6026,2,218.736,480
911000067060,F/F1 ARNETTE 6028,1,232.05,650
911000067076,F/F1 ARNETTE 6101,2,212.405,600
911000000379,F/F1 ARNETTE 6119,1,198.705,735
911000001763,F/F1 ARNETTE 6149,-1,0,620
911000067067,F/F1 ARNETTE 7032,1,212.75,630
911000067033,F/F1 ARNETTE 7033,1,248,550
911000067027,F/F1 ARNETTE 7036,1,186.3975,470
911000067044,F/F1 ARNETTE 7049,-1,152.81,550
911000067071,F/F1 ARNETTE 7090,1,179.483333333333,520
911000000382,F/F1 ARNETTE 7151,1,207.14,660
911000001420,F/F1 ARNETTE 7194,-3,163.293333333333,590
911000001764,F/F1 ARNETTE 7197,-1,165,550
911000001624,F/F1 ARNETTE 7208,-1,162.85,600
911000001679,F/F1 ARNETTE 7249,-1,164,500
911000001765,F/F1 ARNETTE 7259U,-1,330,550
911000001797,F/F1 AV ADIDAS OR 5044,-1,78.84,550
911000001861,F/F1 AV FERRAGAMO SF2224,-6,0,1000
911000001862,F/F1 AV FERRAGAMO SF2224N,6,166.44,1000
911000001894,F/F1 AV HUGO 0293,1,123.735,780
911000001889,F/F1 AV HUGO 1140,-1,117.634,780
911000002261,F/F1 AV POLICE VPLD08,1,89.79,650
911000061029,F/F1 BURBERRYS-2089,1,235.185,1250
911000001749,F/F1 BVLGAR 2212b,-1,0,2400
911000025082,F/F1 BVLGARI 4074B,2,663.31,1500
911000025100,F/F1 BVLGARI 4129,1,626.45,1400
911000001429,F/F1 BVLGARI 4191B,1,759,1700
911000083501,F/F1 CADILAC 1001,1,182.255,750
911000083502,F/F1 CADILAC 1002,1,180.415,750
911000083503,F/F1 CADILAC 1003,2,177.194897959184,750
911000083504,F/F1 CADILAC 1004,1,177.194857142857,750
911000083505,F/F1 CADILAC 1005,7,177.195,750
911000083506,F/F1 CADILAC 1006,5,177.194814814815,750
911000083509,F/F1 CADILAC 1009,1,187.037857142857,750
911000020018,F/F1 CARRERA C.CITY FOLDI F2,1,0,800
911000101904,F/F1 CHIARO,1,25.0548936170213,320
911000071059,F/F1 COACH 5016Q,-1,389,980
911000071025,F/F1 COACH 5028,1,364.74,830
911000071054,F/F1 COACH 5041,1,389,980
911000001083,F/F1 COACH 5103B,-1,237.5,1300
911000071040,F/F1 COACH 6001,2,273.37,870
911000071033,F/F1 COACH 6012,-1,283.27,830
911000071060,F/F1 COACH 6016,1,277,970
911000071019,F/F1 COACH 6034,1,303.403333333333,870
911000071045,F/F1 COACH 6046,1,266.7,730
911000001088,F/F1 COACH 6132,1,190,970
911000037704,F/F1 COOL SCATES CS-5,3,36.05,190
911000001090,F/F1 D&G 1228,1,195,400
911000005614,F/F1 D&G 1245,2,253.9,800
911000001092,F/F1 D&G 5060,1,195,500
911000005617,F/F1 D&G 5106,1,0,250
911000050021,F/F1 D&G-1141,1,350.525,550
911000000362,F/F1 DAVID GREEN,1,250.504761904762,850
911000002128,F/F1 DE ACUERDO,-9,27.0149315068493,400
911000001604,F/F1 DESPADA,1,49,420
911000001605,F/F1 DIVERSO,-1,47.2748571428571,450
911000041100,F/F1 DKNY 5649,1,109.985,550
911000001096,F/F1 DOLCE & GABBANA 1291,2,290,650
911000001097,F/F1 DOLCE & GABBANA 1292,1,290,600
911000001098,F/F1 DOLCE & GABBANA 1293,3,336.134166666667,650
911000000198,F/F1 DOLCE & GABBANA 1302,-1,671,2015
911000001104,F/F1 DOLCE & GABBANA 3126,1,290,550
911000001111,F/F1 DOLCE & GABBANA 3203,-1,290,700
911000001117,F/F1 DOLCE & GABBANA 3236,1,290,700
911000001119,F/F1 DOLCE & GABBANA 3246,-1,290,700
911000000095,F/F1 DOLCE & GABBANA 3274,1,322.285,800
911000001435,F/F1 DOLCE & GABBANA 5044,-1,413.73,1375
911000005096,F/F1 DOLCE GABBANA 1245,3,422.985,800
911000001756,F/F1 DOLCE GABBANA 1316,-1,0,1520
911000005076,F/F1 DOLCE GABBANA 3063,2,509.43,950
911000005105,F/F1 DOLCE GABBANA 3153PM,2,362.678,600
911000005047,F/F1 DOLCE GABBANA 4159,1,57.08,400
911000005101,F/F1 DOLCE GABBANA 5008,3,337.265,400
911000005102,F/F1 DOLCE GABBANA 5009,2,431.8,400
911000001755,F/F1 DOLCE GABBANA 5042,-1,0,1520
911000000024,F/F1 DUPONT 512,1,146.81,400
911000021028,F/F1 DUPONT D124-6052,1,700,1540
911000021027,F/F1 DUPONT-D519-6051,1,500,1100
911000010036,F/F1 E.ARMANI 1005,1,181.616,755
911000010051,F/F1 E.ARMANI 1013,1,381.27,890
911000010044,F/F1 E.ARMANI 3007,2,288.333333333333,755
911000010046,F/F1 E.ARMANI 3009,3,360.695,960
911000010053,F/F1 E.ARMANI 3019,1,369.75,960
911000010069,F/F1 E.ARMANI 3038,-1,271.232727272727,900
911000010103,F/F1 E.ARMANI 3069,1,275.382,1010
911000010136,F/F1 E.ARMANI 3117,-1,283.9,850
911000010054,F/F1 E.ARMANI ITALY F1,5,106.254761904762,560
911000010003,F/F1 E.ARMANI-201,1,270,400
911000007007,F/F1 EASYTWIST CLIP TURBO,14,155.648641975309,600
911000007002,F/F1 EASYTWIST ITALY FR,86,144.704961832061,580
911000000365,F/F1 EGO,7,16.67,320
911000000407,F/F1 EMPORIO ARMANI 3147,-1,259.02,950
911000001687,F/F1 EMPORIO ARMANI 3177,1,280,900
911000002117,F/F1 EMPORIO ARMANI 4152,1,421.546363636364,1100
911000002001,F/F1 EXALT SPACE,9,157,472
911000002003,F/F1 EXALT TITANIUM,23,104,370
911000028065,F/F1 EXALTO 203,3,290,435
911000028103,F/F1 EXALTO ATOM 2902,2,404.56,600
911000028104,F/F1 EXALTO ATOM 2903,3,447.393333333333,670
911000028105,F/F1 EXALTO ATOM 2915,2,539.173333333333,800
911000028107,F/F1 EXALTO ATOM 2933,2,505.53,750
911000028108,F/F1 EXALTO ATOM 2950,2,507.53,750
911000028109,F/F1 EXALTO ATOM 2951,3,505.53,750
911000028018,F/F1 EXALTO IN-4003,2,512,760
911000028008,F/F1 EXALTO-601,1,292,430
911000000009,F/F1 EXIST ,4,25,320
911000002301,F/F1 FERUCCI F1827,1,53.9306666666667,450
911000030001,F/F1 FIDELA ALEXANDER,4,111.755,250
911000030013,F/F1 FIDELA HELIUM,7,113,250
911000002025,F/F1 FORTEI & FORTEI CLIP,6,27.3549541284404,350
911000029120,F/F1 FRED HAUBAN F2 002,1,1550,4100
911000029127,F/F1 FRED WINCH F1 02 PLA,-1,1555,4100
911000029130,F/F1 FRED WINCH F2 02 PLA,1,1555,4100
911000011012,F/F1 G.ARMANI 1087,3,98,300
911000011028,F/F1 G.ARMANI 7004,2,396.93,1220
911000011029,F/F1 G.ARMANI 7008,3,461.55,1220
911000011037,F/F1 G.ARMANI 7022H,3,613.7,1720
911000011041,F/F1 G.ARMANI 7037,1,444.525,1550
911000011059,F/F1 G.ARMANI 7065Q,1,472.15,1800
911000011026,F/F1 GIORGIO ARMANI 5005,2,342.85,1550
911000001161,F/F1 GIORGIO ARMANI 7113,1,300,1802
911000000242,F/F1 GIVENCHY GV0020,1,163.88,790
911000000575,F/F1 GLODIATR ,5,10.95,320
911000001669,F/F1 GORGINA,1,30.4949,450
911000002126,F/F1 GREENWICH POLO CLUB,-2,81.065,550
911000034059,F/F1 GUCCI 3186,1,116.69,650
911000000255,F/F1 GUESS GU 2616,-1,71.01,650
911000037601,F/F1 GUY LAROCHE ASS,5,235.7525,755
911000000577,F/F1 HALSTROM,1,17.4233333333333,320
911000000008,F/F1 HAPPY VISION,12,18.18,320
911000000336,F/F1 HAPPY VISION 46021,1,115.25,480
911000001612,F/F1 IMPALA,4,26.965,450
911000037201,F/F1 INFINITY ASS,3,50.25,320
911000001614,F/F1 JUST POLO,2,26.58,450
911000065017,F/F1 KILLER LOOP 7106,1,81.1633333333333,450
911000065010,F/F1 KILLER LOOP 7663,1,79.6833333333333,450
911000065012,F/F1 KILLER LOOP 7668,8,86.8415384615385,450
911000000495,F/F1 LBO BELLA,1,52.75,320
911000096703,F/F1 LBO COLT C3509,2,62.895,380
911000000562,F/F1 LBO COLT C3530,2,169.113333333333,520
911000000560,F/F1 LBO COLT C3531,1,72.54,480
911000000848,F/F1 LBO ECOLINE E10,-1,45.85,290
911000000845,F/F1 LBO ECOLINE E5,1,34.3633333333333,290
911000000505,F/F1 LBO ECOLINE E7,1,34.395,290
911000000847,F/F1 LBO ECOLINE E9,1,34.934,290
911000000602,F/F1 LBO FERUCCI F1000,-1,130.606666666667,480
911000000673,F/F1 LBO FERUCCI F1208,1,35.75,320
911000096019,F/F1 LBO FERUCCI F1219,7,27.9233333333333,420
911000096020,F/F1 LBO FERUCCI F1220,19,31.9846666666667,420
911000000669,F/F1 LBO FERUCCI F1226,1,35.75,320
911000000469,F/F1 LBO FERUCCI F1228,24,34.345,420
911000000467,F/F1 LBO FERUCCI F1229,13,34.4144444444444,350
911000000662,F/F1 LBO FERUCCI F1235,1,35.75,320
911000000794,F/F1 LBO FERUCCI F1238,1,35.75,380
911000000471,F/F1 LBO FERUCCI F1239,5,34.415,350
911000096018,F/F1 LBO FERUCCI F1240,5,34.44875,350
911000000668,F/F1 LBO FERUCCI F1244,1,35.75,320
911000000661,F/F1 LBO FERUCCI F1257,1,35.75,320
911000000713,F/F1 LBO FERUCCI F1266,1,35.75,320
911000000470,F/F1 LBO FERUCCI F1267,23,34.3568,300
911000096063,F/F1 LBO FERUCCI F1308,1,35.175,320
911000000725,F/F1 LBO FERUCCI F1352,1,35.75,320
911000001031,F/F1 LBO FERUCCI F1355,3,0,390
911000096111,F/F1 LBO FERUCCI F1496,-1,125.25,450
911000000677,F/F1 LBO FERUCCI F1583,-1,36.1,320
911000096078,F/F1 LBO FERUCCI F1610,7,34.6,450
911000096004,F/F1 LBO FERUCCI F1618,2,35.895,450
911000096077,F/F1 LBO FERUCCI F1629,1,34.685,450
911000000457,F/F1 LBO FERUCCI F1639,6,34.305,450
911000000678,F/F1 LBO FERUCCI F1658,1,36.0733333333333,320
911000000676,F/F1 LBO FERUCCI F1661,5,36.0744444444444,320
911000000732,F/F1 LBO FERUCCI F1662,1,36.06,320
911000096002,F/F1 LBO FERUCCI F1663,1,34.01,450
911000001006,F/F1 LBO FERUCCI F1667,1,36.065,390
911000096003,F/F1 LBO FERUCCI F1684,1,30.36,450
911000000739,F/F1 LBO FERUCCI F1693,1,35.75,320
911000096079,F/F1 LBO FERUCCI F1732,1,35.88,400
911000000693,F/F1 LBO FERUCCI F1760,1,36.04,320
911000000692,F/F1 LBO FERUCCI F1761,3,36.0633333333333,320
911000001007,F/F1 LBO FERUCCI F1765,5,36.1,350
911000000696,F/F1 LBO FERUCCI F1769,2,36.08,320
911000096102,F/F1 LBO FERUCCI F1770,2,38.895,450
911000000684,F/F1 LBO FERUCCI F1790,-1,36.1,400
911000000621,F/F1 LBO FERUCCI F1799,1,107.69,450
911000000558,F/F1 LBO FERUCCI F1804,1,41.59,490
911000001393,F/F1 LBO FERUCCI F1818,1,96.21,420
911000096041,F/F1 LBO FERUCCI F182,-1,104.343157894737,490
911000000627,F/F1 LBO FERUCCI F199,1,110.244,550
911000096029,F/F1 LBO FERUCCI F2003,1,117.471875,490
911000000540,F/F1 LBO FERUCCI F2004,-1,106.65,550
911000000544,F/F1 LBO FERUCCI F2012,1,119,480
911000000543,F/F1 LBO FERUCCI F2015,2,109.335,480
911000096093,F/F1 LBO FERUCCI F2016,-1,125.25,450
911000096092,F/F1 LBO FERUCCI F2018,1,41.0366666666667,450
911000000545,F/F1 LBO FERUCCI F2020,-1,123.89,550
911000000548,F/F1 LBO FERUCCI F2025,1,129.533333333333,550
911000000551,F/F1 LBO FERUCCI F2028,2,45.37,450
911000000592,F/F1 LBO FERUCCI F2036,1,138.34,480
911000000717,F/F1 LBO FERUCCI F234,1,35.75,320
911000000820,F/F1 LBO FERUCCI F235,1,35.75,320
911000000822,F/F1 LBO FERUCCI F243,1,35.75,290
911000000703,F/F1 LBO FERUCCI F625,1,65,400
911000000724,F/F1 LBO FERUCCI F634 PUR,1,65,380
911000096108,F/F1 LBO FERUCCI F700,1,122.18,420
911000096056,F/F1 LBO FERUCCI F701,1,42.48,400
911000001026,F/F1 LBO FERUCCI F703,1,35.75,290
911000000654,F/F1 LBO FERUCCI F703 PUR,-1,195.55,600
911000001025,F/F1 LBO FERUCCI F704,1,65,350
911000000953,F/F1 LBO FERUCCI F707,1,35.75,380
911000001023,F/F1 LBO FERUCCI F709,-1,35.75,290
911000000648,F/F1 LBO FERUCCI F709 PUR,1,160.97,550
911000001030,F/F1 LBO FERUCCI F712,1,35.75,250
911000001410,F/F1 LBO FERUCCI F733,1,143.71,380
911000096031,F/F1 LBO FERUCCI F953,-1,102.575,560
911000096013,F/F1 LBO FERUCCI F964,1,27.9253333333333,400
911000096010,F/F1 LBO FERUCCI F994,1,27.926,450
911000096075,F/F1 LBO FERUCCI F999,3,34.6,450
911000000465,F/F1 LBO FERUCCI METZ 1471,1,34.3,320
911000000824,F/F1 LBO FERUCCI METZ 1496,1,36.1,320
911000001004,F/F1 LBO GRIPCURL FOM230,4,65.35,320
911000001003,F/F1 LBO GRIPCURL VOM089,-3,65.3,320
911000000476,F/F1 LBO GRIPCURL VOM204,3,63.915,350
911000000478,F/F1 LBO GRIPCURL VOM205,1,63.7333333333333,350
911000001010,F/F1 LBO GRIPCURL VOMG40,1,65.35,390
911000000477,F/F1 LBO GRIPCURL VOMO89,3,62.696,350
911000001055,F/F1 LBO IMPULSE IMP779,1,16.25,290
911000001053,F/F1 LBO IMPULSE IMP780,1,16.25,290
911000001056,F/F1 LBO IMPULSE IMP781,1,16.25,320
911000096616,F/F1 LBO IMPULSE IMP818,1,60.69,380
911000000529,F/F1 LBO IMPULSE IMP829,1,61.635,320
911000001054,F/F1 LBO IMPULSE IMP832,-1,65.4833333333333,320
911000000772,F/F1 LBO JOIA J2520,1,65.2925,450
911000000769,F/F1 LBO JOIA J2545,1,162.8,560
911000096855,F/F1 LBO JOIA J2546,1,146.853333333333,520
911000000502,F/F1 LBO MONZA,-1,53.175,380
911000000500,F/F1 LBO ROBERT,1,56.01,450
911000000810,F/F1 LBO SYNERGY SY6007,1,56.1261538461539,480
911000000532,F/F1 LBO SYNERGY SY6010,1,122.836666666667,420
911000000857,F/F1 LBO VISAGE V118,1,16.25,250
911000000858,F/F1 LBO VISAGE V129,1,16.25,250
911000000485,F/F1 LBO VISAGE V130,27,15.6893333333333,250
911000000859,F/F1 LBO VISAGE V131,1,16.25,250
911000096504,F/F1 LBO VISAGE V1319,4,28.645,450
911000000860,F/F1 LBO VISAGE V132,1,16.25,250
911000000861,F/F1 LBO VISAGE V133,1,16.25,250
911000000862,F/F1 LBO VISAGE V134,1,16.25,250
911000000863,F/F1 LBO VISAGE V136,1,16.25,250
911000096502,F/F1 LBO VISAGE V142,6,12.9744444444444,280
911000000864,F/F1 LBO VISAGE V143,1,16.25,250
911000000865,F/F1 LBO VISAGE V144,1,16.25,250
911000000866,F/F1 LBO VISAGE V146,1,16.25,250
911000000508,F/F1 LBO VISAGE V179,10,42.664,290
911000000868,F/F1 LBO VISAGE V189,1,16.25,250
911000000869,F/F1 LBO VISAGE V191,1,16.25,250
911000000870,F/F1 LBO VISAGE V192,1,16.25,320
911000000871,F/F1 LBO VISAGE V195,1,38.565,320
911000000872,F/F1 LBO VISAGE V201,1,16.25,250
911000000873,F/F1 LBO VISAGE V202,1,16.25,250
911000000874,F/F1 LBO VISAGE V203,1,16.25,250
911000000876,F/F1 LBO VISAGE V207,1,16.25,250
911000000877,F/F1 LBO VISAGE V212,1,16.25,320
911000000486,F/F1 LBO VISAGE V24,27,15.6871428571429,250
911000000878,F/F1 LBO VISAGE V245,1,16.25,250
911000000881,F/F1 LBO VISAGE V264,1,16.25,290
911000000884,F/F1 LBO VISAGE V282,1,16.25,250
911000000887,F/F1 LBO VISAGE V297,1,16.25,250
911000000888,F/F1 LBO VISAGE V298,1,16.25,250
911000000889,F/F1 LBO VISAGE V305,1,16.25,250
911000000901,F/F1 LBO VISAGE V380,4,16.534,250
911000000483,F/F1 LBO VISAGE V40,12,15.7053846153846,250
911000000514,F/F1 LBO VISAGE V4502,1,39.48,350
911000000921,F/F1 LBO VISAGE V4503,1,38.464,320
911000000525,F/F1 LBO VISAGE V4512,-2,62.4811111111111,350
911000000519,F/F1 LBO VISAGE V4520,1,38.42,320
911000000933,F/F1 LBO VISAGE V4522,-1,65.58,450
911000000935,F/F1 LBO VISAGE V4525,2,14.815,290
911000000937,F/F1 LBO VISAGE V4529,1,53.365,290
911000000939,F/F1 LBO VISAGE V4536,-1,45.81,290
911000000940,F/F1 LBO VISAGE V4537,-1,45.835,290
911000000942,F/F1 LBO VISAGE V4540,-1,52.974,320
911000000946,F/F1 LBO VISAGE V4545,1,38.415,320
911000000951,F/F1 LBO VISAGE V4552,1,38.87,320
911000000955,F/F1 LBO VISAGE V4556,1,38.625,320
911000000960,F/F1 LBO VISAGE V4561,-2,62.805,320
911000000965,F/F1 LBO VISAGE V4566,1,39.065,320
911000000970,F/F1 LBO VISAGE V4573,1,38.71,320
911000001340,F/F1 LBO VISAGE V4589,1,65.66,420
911000000986,F/F1 LBO VISAGE V4595,1,38.465,320
911000001353,F/F1 LBO VISAGE V4606,2,19.8885416666667,290
911000001371,F/F1 LBO VISAGE V4612,2,38.26,320
911000000790,F/F1 LBO VISAGE V71,1,16.25,290
911000000994,F/F1 LBO VISAGE V73,1,16.25,250
911000000995,F/F1 LBO VISAGE V75,1,16.25,250
911000000996,F/F1 LBO VISAGE V77,1,16.25,250
911000000999,F/F1 LBO VISAGE V99,1,16.25,250
911000087002,F/F1 LE TANNEUR LE111,1,396,990
911000087015,F/F1 LE TANNEUR LE139,2,492,1230
911000087007,F/F1 LE TANNEUR LE233,1,295.42,990
911000087044,F/F1 LE TANNEUR LE239,1,0,990
911000087010,F/F1 LE TANNEUR LE273,1,396,990
911000087045,F/F1 LE TANNEUR LE308,1,0,990
911000072038,F/F1 LENEA ROMA 362,1,137.34,720
911000072014,F/F1 LENEA ROMA ADELADIAM,-1,138.16,610
911000082001,F/F1 LEONARDO DAVINCI 585,1,1142.23714285714,3410
911000000579,F/F1 LONDON CLUB,3,47.9,370
911000064411,F/F1 LOOK 6280,1,260,650
911000064410,F/F1 LOOK 6281,1,250,630
911000064053,F/F1 LOOKKINO 3326,1,215.64,540
911000064059,F/F1 LOOKKINO 3672,1,208.455,540
911000064052,F/F1 LOOKKINO 3701,2,161.73,540
911000064061,F/F1 LOOKKINO 3705,3,203.78,540
911000101903,F/F1 LOVER ,7,25.045,320
911000080005,F/F1 LUXOTTICA-4113,11,60,160
911000037050,F/F1 MARIO LARINI 325,1,104.97,380
911000037053,F/F1 MARIO LARINI 334,1,54.41,280
911000088001,F/F1 MAX&CO 190,1,366.4,1030
911000001163,F/F1 MICHAEL KORS 3017,-1,170,950
911000001757,F/F1 MICHAEL KORS 3038,-1,0,1320
911000001164,F/F1 MICHAEL KORS 4024,1,170,1400
911000000115,F/F1 MICHAEL KORS 4030,-1,261,790
911000001167,F/F1 MICHAEL KORS 4037,1,170,1300
911000002121,F/F1 MIRA FLEX 4007,1,81.614,380
911000001639,F/F1 MIRA FLEX 4014,1,111.72,400
911000001174,F/F1 MIU MIU 01QV     ,1,305,2232
911000063022,F/F1 MIU MIU 02F,1,150,380
911000001185,F/F1 MIU MIU 05OV,-1,305,1200
911000001187,F/F1 MIU MIU 07OV,1,305,1050
911000001188,F/F1 MIU MIU 09NV,-1,305,900
911000001189,F/F1 MIU MIU 09NVA,1,305,900
911000006009,F/F1 MODO WOOD STOCK,27,63,320
911000035007,F/F1 MONT BLANC-MB0254,1,212.5,950
911000043009,F/F1 MORMAII ACQUARELA,2,216.44,650
911000000298,F/F1 NIKE 7217,3,117.66,540
911000000413,F/F1 OAKLEY 8149,1,250,900
911000006017,F/F1 ODO FALKLAND,1,93,280
911000006008,F/F1 ODO SWANG,2,113,330
911000006010,F/F1 ODO TEC12222,2,93,280
911000006007,F/F1 ODO XERUS,1,99,290
911000000415,F/F1 OLIVER PEOPLES 1241T,7,934,2800
911000000416,F/F1 OLIVER PEOPLES 1253,2,637,1900
911000031046,F/F1 OXIBIS AKRO,1,262.22,390
911000031045,F/F1 OXIBIS ATTITUD,3,268.764,450
911000031006,F/F1 OXIBIS TEMPO,12,221.208333333333,330
911000001760,F/F1 PAMICO,3,21.9647826086957,290
911000001667,F/F1 PAOLO ROSSI,2,29,350
911000001209,F/F1 PERSOL 3107V,1,200,950
911000001211,F/F1 PERSOL 3141V,1,200,950
911000001217,F/F1 PERSOL 3180V,1,200,1200
911000101007,F/F1 PHILIPE STARK 3042,2,638.7,1900
911000089018,F/F1 PIER CARDIN 8388,1,984,1230
911000089015,F/F1 PIER CARDIN 8778,1,379,950
911000001609,F/F1 PLEIK PHOLPPE,-1,39.5930769230769,450
911000050002,F/F1 POLO 1003,1,181.8,400
911000000124,F/F1 POLO 1005,1,281.5,1200
911000050165,F/F1 POLO 1157,1,311.36,750
911000050080,F/F1 POLO 2093,1,343.955,760
911000050109,F/F1 POLO 2105,1,253.9,890
911000001752,F/F1 POLO 2217,-1,0,850
911000002063,F/F1 POLO 2237U,1,250,800
911000050170,F/F1 POLO 2265,7,50,250
911000050172,F/F1 POLO 2296,2,50,250
911000001751,F/F1 POLO 3075,-1,0,850
911000001750,F/F1 POLO 5104,-1,0,1250
911000001753,F/F1 POLO 5105,-3,0,1100
911000001754,F/F1 POLO 7096,-2,0,620
911000001226,F/F1 POLO PREP-KIDS 8037,1,160,550
911000050092,F/F1 POLO RALPH 2103,3,315.604,920
911000018088,F/F1 PRADA 01EV 1B101,1,518.7,1380
911000001228,F/F1 PRADA 01TV,-1,295,850
911000001445,F/F1 PRADA 01WV,1,597,1700
911000018098,F/F1 PRADA 52EV,1,484.5,1280
911000018089,F/F1 PRADA 53E MA3-1O1,1,1516,1900
911000001450,F/F1 PRADA 57XV,2,597,1700
911000001242,F/F1 PRADA 64RV,-1,295,1200
911000001243,F/F1 PRADA 64TV,1,295,950
911000001246,F/F1 PRADA L.ROSSA 01EV,2,270,850
911000001249,F/F1 PRADA L.ROSSA 02CV,1,270,850
911000001256,F/F1 PRADA L.ROSSA 03IV,1,270,850
911000001257,F/F1 PRADA L.ROSSA 04FV,1,270,750
911000001258,F/F1 PRADA L.ROSSA 04HV,1,270,750
911000001263,F/F1 PRADA L.ROSSA 53DV,1,270,850
911000001266,F/F1 PRADA L.ROSSA 54FV,1,270,850
911000001548,F/F1 PRADA LINEA ROSSA 04IV,1,515.105,1500
911000002023,F/F1 PRSR & PERSOL F1 ,1,27.075,350
911000101908,F/F1 PURE CLUB,1,27,320
911000050518,F/F1 RALPH 7036,1,188.95,540
911000050537,F/F1 RALPH 7039,1,191.2,560
911000050529,F/F1 RALPH 7046,1,156.225,850
911000050556,F/F1 RALPH 7048,1,94.435,630
911000000426,F/F1 RALPH 7098,-1,196,735
911000000428,F/F1 RALPH 7104,-1,200.8,735
911000050569,F/F1 RALPH LAUREN 6091,1,294.5,970
911000050572,F/F1 RALPH LAUREN 6104,1,221.66,900
911000001551,F/F1 RALPH LAUREN 7142,1,213.75,720
911000002048,F/F1 RALPH LAUREN 7148,-1,190,650
911000059296,F/F1 RAY BAN 1541,5,73.495,400
911000059306,F/F1 RAY BAN 1555,1,211.958,550
911000059194,F/F1 RAY BAN 5154,-1,281.209523809524,950
911000059057,F/F1 RAY BAN 6128,6,40.0649717514124,420
911000059177,F/F1 RAY BAN 6317,1,271.605,800
911000000139,F/F1 RAY BAN 6390I,2,255,780
911000000015,F/F1 RAY BAN 6489,-1,276.4825,950
911000001748,F/F1 RAY BAN 6703,-1,0,900
911000059243,F/F1 RAY BAN 7038,2,464,720
911000059161,F/F1 RAY BAN 7039,1,446.66,550
911000059170,F/F1 RAY BAN 7046,1,272.995,910
911000059266,F/F1 RAY BAN 7086,4,462.15,720
911000000444,F/F1 RAY BAN 7151,-1,324.2,1050
911000059132,F/F1 RAY BAN 8694,3,470.815,720
911000059112,F/F1 RAY BAN 8703,2,453.523333333333,720
911000001575,F/F1 RAY BAN 9075V,1,110.405,500
911000038002,F/F1 READING ES,2681,3.56241748166259,50
911000038003,F/F1 READING TR,369,10.5151973684211,80
911000009002,F/F1 S.TACCHINI-1118 F2,1,57.08,440
911000091003,F/F1 SAFILO 199,1,239,600
911000101504,F/F1 SAINT LAURENT SL25,1,209,1755
911000000339,F/F1 SEE YOU MV50023,1,27.35,350
911000000340,F/F1 SEE YOU MV50024,1,27.35,350
911000000341,F/F1 SEE YOU MV50025,3,27.35,350
911000000342,F/F1 SEE YOU MV50027,5,27.35,350
911000000343,F/F1 SEE YOU MV50028,1,27.35,350
911000000345,F/F1 SEE YOU MV50033,1,27.35,350
911000000346,F/F1 SEE YOU MV50068,-2,28.97,350
911000000351,F/F1 SEE YOU MV50124,-1,28.97,350
911000000352,F/F1 SEE YOU MV50181,3,56.36,450
911000000154,F/F1 SFERO FLEX 2288,-1,134.68,580
911000000155,F/F1 SFERO FLEX 2289,1,141.905,580
911000017068,F/F1 SFEROFLEX 1130,1,169,430
911000017042,F/F1 SFEROFLEX-2237,-1,115.39,390
911000000819,F/F1 SHOTT 4009,1,65.26,480
911000040113,F/F1 SILHOUETTE 1979,1,232.285,710
911000040121,F/F1 SILHOUETTE 4224,1,200,710
911000040122,F/F1 SILHOUETTE 4233,-1,200,990
911000040066,F/F1 SILHOUETTE 4263,1,430.314,710
911000040124,F/F1 SILHOUETTE 4288,2,200,710
911000040070,F/F1 SILHOUETTE 4299,1,425,710
911000040126,F/F1 SILHOUETTE 4303,1,200,710
911000040127,F/F1 SILHOUETTE 4318,2,200,710
911000040133,F/F1 SILHOUETTE 4431,2,200,710
911000040136,F/F1 SILHOUETTE 4450,1,200,710
911000040137,F/F1 SILHOUETTE 4451,1,200,710
911000040140,F/F1 SILHOUETTE 4484,2,200,710
911000040144,F/F1 SILHOUETTE 5239,1,200,710
911000040078,F/F1 SILHOUETTE 5240,1,217.5,710
911000040093,F/F1 SILHOUETTE 5381,-1,540,990
911000040009,F/F1 SILHOUETTE 6691,1,442.795,710
911000040158,F/F1 SILHOUETTE 6777,1,200,710
911000040096,F/F1 SILHOUETTE 6779,1,231.575,710
911000040038,F/F1 SILHOUETTE 7639,1,274.5875,710
911000040160,F/F1 SILHOUETTE 7717,1,200,710
911000040057,F/F1 SILHOUETTE 7718,1,320,710
911000040105,F/F1 SILHOUETTE 7751,2,311.174,710
911000040106,F/F1 SILHOUETTE 7758,1,230,710
911000040004,F/F1 SILHOUETTE FR D,5,27.6744943820225,300
911000040003,F/F1 SILHOUETTE REMLES PL,6,40,140
911000001489,F/F1 SKECHERS,1,152.94,510
911000000364,F/F1 SPORTS 2020,1,9.57489361702128,290
911000101605,F/F1 STELLA MCCART. SK00160,1,60.6642857142857,750
911000101905,F/F1 STELLE & STELLE CLLIP,-7,25.025,320
911000009266,F/F1 TAG HEUER TAG3051,1,155.96,1350
911000009267,F/F1 TAG HEUER TAG3052,1,155.965,1350
911000039804,F/F1 TOM FORD 5257 ITL,1,112.3,700
911000000026,F/F1 TOP LOOK ICU 8606,3,152.045714285714,490
911000000041,F/F1 TOP LOOK MAXEY 9368,2,96.65,330
911000000043,F/F1 TOP LOOK MAXEY 9376,1,96.65,380
911000001758,F/F1 TR90-4D,3,18,320
911000001671,F/F1 TUDOR,-5,27,450
911000001608,F/F1 TWIZE,9,25,320
911000000578,F/F1 UNIVO,1,17.424,320
911000001290,F/F1 VALENTINO 1002,1,385,750
911000001292,F/F1 VALENTINO 3002  ,2,385,750
911000001296,F/F1 VALENTINO 3008,11,385,750
911000002127,F/F1 VERSACE 19.69,2,80.304962406015,550
911000015059,F/F1 VERSACE 2698E,-1,160,420
911000015098,F/F1 VERSACE 3189B,-1,361.9,1120
911000001308,F/F1 VERSACE 3235B,1,285,900
911000001310,F/F1 VERSACE 3241,-1,304,790
911000002026,F/F1 VISION CLIP,5,26.9748571428571,350
911000012166,F/F1 VOGUE 2512,1,75,220
911000012117,F/F1 VOGUE 2746,1,172.68,805
911000000157,F/F1 VOGUE 2787,2,159.223333333333,670
911000012127,F/F1 VOGUE 3796,1,355.275,700
911000012140,F/F1 VOGUE 3866,1,118.594285714286,350
911000012178,F/F1 VOGUE 3925,1,195.46,840
911000012217,F/F1 VOGUE 4013,1,119.975,710
911000001472,F/F1 VOGUE 4222,-1,274,820
911000001592,F/F1 VOGUE 4274,2,190,650
911000002060,F/F1 VOGUE 4297T,-1,190,780
911000012194,F/F1 VOGUE 5070,1,79.355,410
911000001484,F/F1 VOGUE 5274B,-1,322,960
911000012081,F/F1 VOGUE-2698,3,131.074545454545,635
911000012090,F/F1 VOGUE-3746,-1,143.695,520
911000012071,F/F1 VOGUE-3748,1,343,760
911000012074,F/F1 VOGUE-3765,-1,282.733846153846,760
911000012040,F/F1 VOGUE-3768,2,44.3176923076923,760
911000012003,F/F1 VOGUE-3772,1,132.46,635
911000012092,F/F1 VOGUE-3775,2,135.15,640
912000081003,F/F2 ADIDAS 146,1,57.08,400
912000002023,F/F2 ADIDAS A405 F2,1,117.94,590
912000002022,F/F2 ADIDAS A407 F2,1,117.94,590
912000081002,F/F2 ADIDAS ANTI FOG,2,57.085,400
912000000009,F/F2 ARNETTE 3075,3,312,980
912000067034,F/F2 ARNETTE 4032,1,50,350
912000067035,F/F2 ARNETTE 4041,1,50,350
912000067036,F/F2 ARNETTE 4048,1,50,350
912000067029,F/F2 ARNETTE 4061,2,89.75,460
912000067072,F/F2 ARNETTE 4076,2,0,450
912000067070,F/F2 ARNETTE 4099,1,0,450
912000067047,F/F2 ARNETTE 4171,1,176.33,545
912000067053,F/F2 ARNETTE 4185,3,203.386296296296,620
912000067077,F/F2 ARNETTE 4189,1,271.29,890
912000067063,F/F2 ARNETTE 4190,2,225.08,550
912000067078,F/F2 ARNETTE 4191,4,210.8,600
912000067064,F/F2 ARNETTE 4192,4,207.361666666667,550
912000000011,F/F2 ARNETTE 4202,1,305,920
912000067080,F/F2 ARNETTE 4236,1,247.345,890
912000067081,F/F2 ARNETTE 4237,1,254.49,890
912000001716,F/F2 ARNETTE 4244,-1,0,610
912000000013,F/F2 ARNETTE 4252,1,338.5,1100
912000051003,F/F2 BLUE BAY B&B,2,164,380
912000007301,F/F2 BMW 6506,1,191.7,950
912000061015,F/F2 BURBERRYS 3055,1,1072,1200
912000061036,F/F2 BURBERRYS 4074,-2,400,880
912000061049,F/F2 BURBERRYS 4117,1,658.18,1700
912000061027,F/F2 BURBERRYS 4123,1,663.833333333333,1550
912000061048,F/F2 BURBERRYS 4155,1,545,1520
912000025058,F/F2 BVLGARI 8004B,1,250,500
912000025069,F/F2 BVLGARI 8069,1,105,500
912000025055,F/F2 BVLGARI 852B,1,250,500
912000025056,F/F2 BVLGARI 855B,2,250,500
912000024014,F/F2 C . K-180,2,193.75,700
912000024018,F/F2 C . K-2039,1,200,400
912000003014,F/F2 C.DIOR BLACKTIE,1,499,700
912000020005,F/F2 CARRERA CONE,1,108,480
912000049011,F/F2 CARTIER 5598142,1,1880.92,4200
912000049012,F/F2 CARTIER A21A57K,1,1880.92,4200
912000049014,F/F2 CARTIER A21A72K,-1,1880.92,4200
912000002026,F/F2 CELLINI EPOCA,28,195.940384615385,700
912000002012,F/F2 CHANEL 5210 F2,1,0,600
912000002013,F/F2 CHOPARD 632 F2,1,0,600
912000005607,F/F2 D&G-8002,1,150,420
912000005608,F/F2 D&G-8014,1,150,420
912000005609,F/F2 D&G-8016,1,150,420
912000042007,F/F2 DANIEL HECHTER 809,2,80,200
912000032012,F/F2 DIESEL FRECKLES/N,1,195,380
912000041059,F/F2 DKNY 5078,1,228.65,600
912000005066,F/F2 DOLCE GABBANA 2002B,1,250,500
912000005096,F/F2 DOLCE GABBANA 3076,1,500,800
912000005077,F/F2 DOLCE GABBANA 4132,1,823,1350
912000010034,F/F2 E.ARMANI 2003,1,408.35,1040
912000010037,F/F2 E.ARMANI 2007,1,471.334285714286,1110
912000010019,F/F2 E.ARMANI 9112,1,200,550
912000010009,F/F2 E.ARMANI 9807,-1,454,1150
912000010051,F/F2 E.ARMANI ITALY F2,25,137.364958677686,710
912000000018,F/F2 EMPORIO ARMANI 2078,1,434,1300
912000000022,F/F2 EMPORIO ARMANI 4115,2,441.724318181818,1100
912000002001,F/F2 EXALT CYCLE,4,323,800
912000002002,F/F2 EXALT GLAMOUR,10,270,870
912000062012,F/F2 FENDI 5067R,1,412,1920
912000062014,F/F2 FENDI ITAY F2 ,5,208.74494949495,750
912000029015,F/F2 FRED IN LIFE C3 102,-1,1330,2950
912000029016,F/F2 FRED IN LIFE C4 101,-1,0,3500
912000029012,F/F2 FRED IN LIFE F2 213,1,0,2700
912000029018,F/F2 FRED IN LIFE F4 101,1,1320,2900
912000029020,F/F2 FRED VOLUTE F1 101,2,1455,2950
912000029001,F/F2 FRED-CUT S3 S4,2,350,950
912000014008,F/F2 GENNY-818,1,396,790
911000058001,F/F2 GIORDANO F2,-144,97,550
912000000003,F/F2 HAPPY VISION 018,1,82.5,350
912000000002,F/F2 HAPPY VISION 209,2,104.31,350
912000000001,F/F2 HAPPY VISION L400,2,104.31,350
912000000134,F/F2 HORIEN F2,2,27.49,500
912000065006,F/F2 KILLER LOOP 3206,1,241,530
912000000059,F/F2 LBO FERUCCI F1518,1,62.2533333333333,420
912000000053,F/F2 LBO FERUCCI F507,6,34.9418181818182,420
912000000055,F/F2 LBO FERUCCI F538,4,34.30375,450
912000000057,F/F2 LBO FERUCCI F553,14,34.355,450
912000000054,F/F2 LBO FERUCCI F554,1,34.42,450
912000000056,F/F2 LBO FERUCCI F562,1,34.395,450
912000000101,F/F2 LBO FERUCCI F568,-1,96.22,450
912000000058,F/F2 LBO FERUCCI F572,5,34.915,420
912000001103,F/F2 LBO FERUCCI F580,1,130.28,450
912000001104,F/F2 LBO FERUCCI F581,-1,130.315,450
912000000062,F/F2 LBO FERUCCI F583,1,126.77,450
912000001094,F/F2 LBO FERUCCI F586,1,130.29,450
912000000060,F/F2 LBO FERUCCI F587,-6,127.755,450
912000000091,F/F2 LBO FERUCCI F588,-1,96.22,380
912000001087,F/F2 LBO FERUCCI F9501,1,130.66,450
912000001084,F/F2 LBO FERUCCI F9503,1,130.583333333333,450
912000001092,F/F2 LBO FERUCCI F9506,1,130.586,450
912000001089,F/F2 LBO FERUCCI F9507,3,130.584,450
912000001130,F/F2 LBO FERUCCI METZ 1504,1,65,420
912000000067,F/F2 LBO JOIA J3000,-1,189.485,550
912000001121,F/F2 LBO JOIA J3008,-1,195.583333333333,550
912000000068,F/F2 LBO JOIA J3009,-1,190.988333333333,550
912000000065,F/F2 LBO JOIA J3010,-1,190.545,550
912000001125,F/F2 LBO JOIA J3013,-1,195.585,550
912000001124,F/F2 LBO JOIA J3014,-1,195.584,550
912000000074,F/F2 LBO VISAGE VS182,1,48.71,320
912000087004,F/F2 LE TANNEUR LES202,1,396,990
912000072003,F/F2 LENEA ROMA 3515,1,340,850
912000002019,F/F2 LIEVISSIMO GIANNI F2,47,0.005,450
912000002015,F/F2 MONT BLANK 220 F2,1,0,750
912000043009,F/F2 MORMAII STREET AIR,1,208.57,690
912000069161,F/F2 OAKLEY 4020,1,592.75,1150
912000068094,F/F2 OAKLEY 4078,1,670.496666666667,1350
912000069164,F/F2 OAKLEY 9085 COMPULSIVE,1,436,960
912000068043,F/F2 OAKLEY 9136,1,441.28,1100
912000068055,F/F2 OAKLEY 9154,1,488.245,1000
912000068081,F/F2 OAKLEY 9171,1,583.95,1050
912000068172,F/F2 OAKLEY 9175,1,418.81,850
912000068084,F/F2 OAKLEY 9194,1,556.275,1050
912000068086,F/F2 OAKLEY 9238,1,398.63125,750
912000000070,F/F2 OFFER 60J BRANCH B,1,50,145
912000000027,F/F2 OLIVER PEOPLES 1230S,6,1160,3480
912000000028,F/F2 OLIVER PEOPLES 1245S,2,1274,3820
912000000029,F/F2 OLIVER PEOPLES 1246S,10,1230.8,3820
912000018048,F/F2 PRADA 06MS,1,661,1460
912000018081,F/F2 PRADA 59OS,1,742.595,1650
912000101307,F/F2 PUMA 0010,1,123,580
912000101306,F/F2 PUMA 0070,-1,207,580
912000059047,F/F2 RAY BAN 3362,1,430.73,600
912000059228,F/F2 RAY BAN 3422,2,600.66,850
912000059259,F/F2 RAY BAN 3447N,2,401.880588235294,1250
912000059039,F/F2 RAY BAN 3526,1,422.1,700
912000000038,F/F2 RAY BAN 3548N,1,497.1675,1500
912000000039,F/F2 RAY BAN 3548NM,-1,765,1200
912000059312,F/F2 RAY BAN 3581N,2,464.61,700
912000001715,F/F2 RAY BAN 3605,-1,0,1400
912000059119,F/F2 RAY BAN 4125,1,449.55,1300
912000059092,F/F2 RAY BAN 4171,1,413.44,1150
912000059204,F/F2 RAY BAN 4180,1,566.6,1225
912000059040,F/F2 RAY BAN 4201,1,333.2,500
912000059247,F/F2 RAY BAN 4210,3,626.826666666667,850
912000059303,F/F2 RAY BAN 4263,-1,515.52,800
912000059304,F/F2 RAY BAN 4275,5,452.2,800
912000059314,F/F2 RAY BAN 4275CH,-5,475.15,800
912000059310,F/F2 RAY BAN 4286,1,572.615,800
912000059311,F/F2 RAY BAN 4287,2,575.79,800
912000059265,F/F2 RAY BAN 8312,2,511.612,1000
912000059283,F/F2 RAY BAN 8315,2,657,900
912000059108,F/F2 RAY BAN 9510,1,110,390
912000059183,F/F2 RAY BAN 9514,1,221,400
912000060009,F/F2 REVO 4060,1,514.08,1290
912000027051,F/F2 S.FERREGAMO 5468,1,110,320
912000027050,F/F2 S.FERREGAMO RFH81U,1,110,320
912000009013,F/F2 S.TACCHINI 1145,1,57.08,440
912000029719,F/F2 TAG 881 214 AUTOMATI,1,1095,3100
912000029716,F/F2 TAG 9303 101,-1,805,2260
912000029717,F/F2 TAG 9303 103,1,805,2260
912000029706,F/F2 TAG LRS 0253 102 62,-1,900,2400
912000029709,F/F2 TAG LRS 0253 705 62,-1,900,2400
912000015068,F/F2 VERSACE 2072,2,160,400
912000015069,F/F2 VERSACE 2109B,1,160,400
912000015044,F/F2 VERSACE 2113,2,326,700
912000015053,F/F2 VERSACE 2142,1,493.255,1450
912000015017,F/F2 VERSACE-4116,1,327.675,700
912000012101,F/F2 VOGUE 3807,1,323.75,765
912000012118,F/F2 VOGUE 3826,1,0,800
911000064116,F/FR AUGUSTO VALANTI70236,1,287.65,850
911000064117,F/FR AUGUSTO VALANTI70276,1,238.14,715
911000013002,F/FR BYBLOS-270,1,150,450
911000013005,F/FR BYBLOS-304,1,216,450
911000013010,F/FR BYBLOS-892,1,246.06,770
911000024009,F/FR C . K 131,1,225,450
911000024017,F/FR C . K 194,1,285,570
911000024015,F/FR C . K 285,1,285,570
911000020002,F/FR CARRERA 7262,1,145,350
911000037701,F/FR COOL SCATES CS-3,1,36.05,190
911000037703,F/FR COOL SCATES CS-6,1,36.05,190
911000005023,F/FR D&G-1166,1,701.1,1000
911000041003,F/FR DKNY 6231,3,140,350
911000005057,F/FR DOLCE GABBANA 5003,2,403.188,800
911000021031,F/FR DUPONT DO45-6052,1,950,1600
911000021018,F/FR DUPONTD115-6050/50,-1,675,1350
911000021010,F/FR DUPONT-D124-6050,-1,525,1050
911000021024,F/FR DUPONT-DO64,1,900,1980
911000010025,F/FR E.ARMANI 029,1,210,525
911000010026,F/FR E.ARMANI 243,1,290,580
911000010031,F/FR E.ARMANI-227,2,240,600
911000010032,F/FR E.ARMANI-236,2,240,600
911000010002,F/FR E.ARMANI-678,1,215,430
911000010001,F/FR E.ARMANI-701,2,230,460
911000016004,F/FR E.UNGARO-3553,1,205,400
911000016003,F/FR E.UNGARO-3554,1,200,400
911000007008,F/FR EASYTWIST-655,2,160,490
911000007003,F/FR EASYTWIST-656,10,160,490
911000007004,F/FR EASYTWIST-657,5,160,490
911000007006,F/FR EASYTWIST-658,7,160,490
911000007009,F/FR EASYTWIST-664,2,180,560
911000028022,F/FR EXALTO - TU1103,2,490,730
911000028063,F/FR EXALTO 104,3,250,380
911000028064,F/FR EXALTO 105,12,250,375
911000028070,F/FR EXALTO 106,1,250,375
911000028066,F/FR EXALTO 302,1,260,390
911000028067,F/FR EXALTO 403,1,290,435
911000028069,F/FR EXALTO 404,1,290,430
911000028075,F/FR EXALTO 603,2,163.335,300
911000028014,F/FR EXALTO AT-7003,2,622,930
911000028088,F/FR EXALTO ATOM 2901,1,427.54,640
911000028089,F/FR EXALTO ATOM 2905,4,509.406666666667,760
911000028091,F/FR EXALTO ATOM 2912,1,555.04,830
911000028053,F/FR EXALTO CARA1205,2,439.74,650
911000028020,F/FR EXALTO DA-8004,3,512,760
911000028050,F/FR EXALTO EVOL1705,3,425.63,620
911000028051,F/FR EXALTO EVOL1711,3,425.63,620
911000028056,F/FR EXALTO EVOL1715,6,425.63,630
911000028052,F/FR EXALTO EVOL1716,1,425.63,640
911000028047,F/FR EXALTO HE2105,2,418.58,400
911000028048,F/FR EXALTO HE2113,1,432.69,620
911000028049,F/FR EXALTO HE2116,1,432.69,955
911000028068,F/FR EXALTO HE2116,1,433,650
911000028060,F/FR EXALTO IC1402,1,403,600
911000028026,F/FR EXALTO ID1601,2,273.928181818182,400
911000028027,F/FR EXALTO ID1602,2,389.745,580
911000028017,F/FR EXALTO IN-4002,2,485,720
911000028038,F/FR EXALTO IS 1801,9,681.75,950
911000028039,F/FR EXALTO IS1802,6,681.83,950
911000028015,F/FR EXALTO KW-5001,8,450.786666666667,675
911000028099,F/FR EXALTO KW5003,1,57.085,600
911000028100,F/FR EXALTO KW7002,1,57.08,600
911000028033,F/FR EXALTO LR905,1,320,480
911000028093,F/FR EXALTO LUNATIK 3204,2,529.543333333333,790
911000028094,F/FR EXALTO LUNATIK 3205,1,478.54,700
911000028019,F/FR EXALTO PH-6001,1,441,660
911000028030,F/FR EXALTO PH6004,2,300.575,480
911000028044,F/FR EXALTO RADIKAL2401,1,399.76,600
911000028045,F/FR EXALTO RADIKAL2403,2,399.76,880
911000028040,F/FR EXALTO SE2201,2,451.5,670
911000028041,F/FR EXALTO SE2202,1,463.26,670
911000028042,F/FR EXALTO SE2204,1,416.23,600
911000028058,F/FR EXALTO SF 305,2,290,430
911000028034,F/FR EXALTO SO2001,1,308.998,460
911000028032,F/FR EXALTO SP1303,2,211.6,320
911000028002,F/FR EXALTO-103,1,260,380
911000028003,F/FR EXALTO-201,2,340,510
911000028004,F/FR EXALTO-204,1,250,375
911000028005,F/FR EXALTO-205,5,290,435
911000028009,F/FR EXALTO-602,2,214,320
911000028010,F/FR EXALTO-704,1,250,375
911000030029,F/FR FIDELA GALAXY,1,175,480
911000030027,F/FR FIDELA RELAX,2,95.765,540
911000029006,F/FR FRED 602656-SEYCHELL,1,1700,1950
911000029040,F/FR FRED CORVETTE,1,1000,2250
911000029033,F/FR FRED CUT 001,1,1030,1950
911000029089,F/FR FRED JAMATQUE F2 096,1,1765,3890
911000011017,F/FR G.ARMANI 136,1,200,400
911000011018,F/FR G.ARMANI 664,1,210,420
911000014003,F/FR GENNY-747B,1,145,435
911000066105,F/FR HARRY COOBES 201,1,136.71,450
911000066101,F/FR HARRY COOBES 208,1,182.51,550
911000046022,F/FR HUGO BOSS 11092,1,57.08,480
911000064003,F/FR LOOKKINO 3259,2,170.47,510
911000064005,F/FR LOOKKINO 3671,2,196.985,540
911000080004,F/FR LUXOTTICA-4280,1,110,330
911000007001,F/FR MAGNETWIST,15,190,600
911000037015,F/FR MARIO LARINI 18,1,66,250
911000037014,F/FR MARIO LARINI 56,1,66,350
911000037008,F/FR MARIO LARINI 75,1,66,320
911000045001,F/FR MAX MARA 272,1,139,500
911000063010,F/FR MIU-MIU 12FV,2,100,220
911000006013,F/FR ODO BUG11674,1,342,690
911000006014,F/FR ODO QEE21629,1,93,290
911000006011,F/FR ODO TEC12125,2,97,300
911000006019,F/FR ODO TEC12131,1,97,290
911000006016,F/FR ODO TECHNICA,2,97,290
911000006004,F/FR ODO VINCENT,1,97,400
911000031023,F/FR OXIBIS EVEA,3,273.53,400
911000031028,F/FR OXIBIS FACETT,2,270,400
911000031043,F/FR OXIBIS FINE,1,180,285
911000031009,F/FR OXIBIS IWAK,1,187.41,280
911000031016,F/FR OXIBIS KAYA,1,292,440
911000031040,F/FR OXIBIS KIDS,1,190,285
911000031039,F/FR OXIBIS LATINO,1,117.11,260
911000031033,F/FR OXIBIS M.B,1,117.11,260
911000031019,F/FR OXIBIS MOZEO,1,179.974615384615,270
911000031017,F/FR OXIBIS PULP,3,308,460
911000031005,F/FR OXIBIS TAIGA,5,273.136,410
911000031029,F/FR OXIBIS TITANE,5,260,390
911000031002,F/FR OXIBIS-REFLEX,1,210,315
911000031012,F/FR OXIBIS-ZAO,18,230,345
911000018017,F/FR PRADA 03IV,-1,329.4,725
911000059058,F/FR RAY BAN 7012,1,344.12,760
911000038001,F/FR READING-OR6,8,20,100
911000017016,F/FR SFEROFLEX-1824,4,115,345
911000017011,F/FR SFEROFLEX-4007,-1,156,450
911000017019,F/FR SFEROFLEX-9004,1,120,340
911000040018,F/FR SILHOUETTE 7543,1,431.235,990
911000040046,F/FR SILHOUETTE 7652,1,431.233333333333,990
911000040047,F/FR SILHOUETTE 7653,1,431.235,990
911000019003,F/FR VALENTINO-1182,2,247.5,750
911000057004,F/FR VERSUS 7083,1,200.7,445
911000012002,F/FR VOGUE-3220,1,210,350
911000012005,F/FR VOGUE-3346,1,137,260
911000012015,F/FR VOGUE-3361,1,131,270
911000012016,F/FR VOGUE-3385,1,137.5,290
911000047007,F/FR X-OPTIX 1277,1,99,380
911000047003,F/FR X-OPTIX 1328,1,99,480
911000036001,F/FR X-TREAM 4062,5,35,310
914000000055,F/GRP AIRESS,16,25,120
914000000015,F/GRP ALFA ROMEO,10,50,100
914000000059,F/GRP ALPINA,14,20,120
914000000036,F/GRP ATRIO,9,30,120
914000000064,F/GRP BACK TO BASICS,1,25,120
914000000073,F/GRP BOSS LUMEN,1,25,180
914000000052,F/GRP BROOKS FIELD,4,0,120
914000000079,F/GRP C . K,7,50,280
914000000020,F/GRP C.DIOR,118,200,200
914000000014,F/GRP C.DIPLOMATIC,28,67.5,120
914000000046,F/GRP CARAT,1,50,120
914000000081,F/GRP CARRERA,14,25,180
914000000069,F/GRP CASTELLE,2,25,200
914000000053,F/GRP CHRONO SWISS,7,25,120
914000000045,F/GRP CLIP ON,45,11,50
914000000105,F/GRP CLUB A6,1,20,190
914000000051,F/GRP CONQUISTADOR,13,120,350
914000000080,F/GRP COTTET,71,25,120
914000000117,F/GRP DANIEL HECHTER,391,0,143
914000000039,F/GRP DESERT,9,50,120
914000000054,F/GRP DOX,12,25,120
914000000024,F/GRP DUNHILL,2,50,150
914000000088,F/GRP E.ARDEN,11,25,120
914000000077,F/GRP E.ARMANI,2,25,190
914000000056,F/GRP ELCE,84,25,120
914000000083,F/GRP FIDELA & ENJOY,17,83,300
914000000099,F/GRP FLAIR,5,20,190
914000000018,F/GRP FLASH MONTE CARLO,1,25,120
914000000100,F/GRP FLEXUS,1,20,190
914000000085,F/GRP FLYWAY,5,25,120
914000000040,F/GRP FRANCE LOOK,16,50,120
914000000092,F/GRP FRIEND SHIP,3,20,180
914000000075,F/GRP G.MARTINI,5,25,200
914000000102,F/GRP GALLIEO OPT,10,20,100
914000000038,F/GRP GENESIS,11,50,120
914000000006,F/GRP GM VENTURA,15,50,120
914000000098,F/GRP ISSAQUAH + ESQUISSE,304,20,120
914000000108,F/GRP JACQUES GROSFELLEY,6,25.1333333333333,200
914000000057,F/GRP KENMARK,2,25,120
914000000070,F/GRP L.BRIDGE,10,25,100
914000000093,F/GRP LAMY,1,20,300
914000000050,F/GRP LASTES,3,48,120
914000000016,F/GRP LINO VENZIANI,65,25,120
914000000009,F/GRP LOCCO,8,50,190
914000000002,F/GRP LOZZA,37,25,100
914000000096,F/GRP LUX OPTICAL,3,50,200
914000000090,F/GRP MAISON,1,25,120
914000000010,F/GRP MARCOLINE,12,50,100
914000000031,F/GRP MARIOUS MOREL,69,25,150
914000000004,F/GRP METZLER & MARCO POLO,76,35.3631481481482,140
914000000037,F/GRP MOSCHINO,3,25,120
914000000063,F/GRP NIGURA,7,20.3566666666667,120
914000000027,F/GRP NINA RICCI,38,50,120
914000000109,F/GRP NOJIRI,4,20,150
914000000034,F/GRP O.PROJECT,93,48.3979646017699,150
914000000106,F/GRP P.LEROC,4,20,120
914000000060,F/GRP PALOMA PICASO,45,25,120
914000000019,F/GRP PAPAY,2,25,120
914000000112,F/GRP PERSOL,7,20,120
914000000025,F/GRP PHOENIX,1,50,120
914000000066,F/GRP PRO DESIGN,27,20,120
914000000017,F/GRP PUNKI,5,25,120
914000000008,F/GRP RODEN STOCK,824,40.3919369369369,250
914000000028,F/GRP ROLLING,1,50,120
914000000076,F/GRP S.TACCHINI,7,25,190
914000000001,F/GRP SAFILO,61,25.7602280130293,100
914000000030,F/GRP SAKI OPTICAL,4,50,190
914000000022,F/GRP SAPHIRA,11,25,100
914000000044,F/GRP SILHOUTTE,86,50,120
914000000094,F/GRP SOLEX & OLEX & ONYX,16,31.2,140
914000000097,F/GRP SOVER,6,20,100
914000000012,F/GRP SPHINX,3,50,120
914000000033,F/GRP STING,17,25,150
914000000061,F/GRP STOCK,49,25,120
914000000042,F/GRP STUDIO,86,50,150
914000000065,F/GRP T.FORCE & LENNON,9,21.665,100
914000000023,F/GRP TERI BROGAN,1,50,120
914000000110,F/GRP ULTRA / ORAO,3,45,250
914000000005,F/GRP VALDOTICA & BOSTON,5,61,100
914000000007,F/GRP VANFRESTENBURG,46,75.2,100
914000000091,F/GRP VIENNA LINE,26,20,100
914000000082,F/GRP VIENNA WINNCHE,1,25,120
914000000071,F/GRP VILLAGE,16,25,100
914000000049,F/GRP VISIBILA,1,55,120
914000000084,F/GRP VOGART,4,20,120
914000000003,F/GRP WILLIAMS,2,30.1433333333333,140
914000000021,F/GRP WINCHESTER,19,24.8886111111111,120
914000000068,F/GRP YABI SPRIT,13,25,150
914000000087,F/GRP YOHJI YAMAMOTO,4,25,200
914000000089,F/GRP YSL,1,25,120
914000000067,F/GRP ZEISS,8,25,150
914000000048,F/GRP ZIPPER,12,20,120
911000000006,SAFTY FR EYRES PLASTIC,11,63.84,340
911000000005,SAFTY FR FR EYRES METAL,4,63.84,340
911000000002,SAFTYFR TITMUS ASS,8,10,300
